Date,Price,Number
Feb 06 2014 01,2.772
Feb 07 2014 01,1.484
Feb 08 2014 01,0.895
Feb 09 2014 01,0.556
Feb 10 2014 01,0.447
Feb 11 2014 01,0.373
Feb 12 2014 01,0.143
Feb 13 2014 01,0.049
Feb 14 2014 01,0.03
Feb 15 2014 01,0.03
Feb 16 2014 01,0.03
Feb 17 2014 01,0.03
Feb 18 2014 01,0.03
Feb 19 2014 01,0.03
Feb 20 2014 01,0.03
Feb 21 2014 01,0.03
Feb 22 2014 01,0.03
Feb 23 2014 01,0.03
Feb 24 2014 01,0.03
Feb 25 2014 01,0.03
Feb 26 2014 01,0.03
Feb 27 2014 01,0.03
Feb 28 2014 01,0.03
Mar 01 2014 01,0.03
Mar 02 2014 01,0.03
Mar 03 2014 01,0.03
Mar 04 2014 01,0.03
Mar 05 2014 01,0.03
Mar 06 2014 01,0.03
Mar 07 2014 01,0.03
Mar 08 2014 01,0.03
Mar 09 2014 01,0.03
Mar 10 2014 01,0.03
Mar 11 2014 01,0.03
Mar 12 2014 01,0.03
Mar 13 2014 01,0.03
Mar 14 2014 01,0.03
Mar 15 2014 01,0.03
Mar 16 2014 01,0.03
Mar 17 2014 01,0.03
Mar 18 2014 01,0.03
Mar 19 2014 01,0.03
Mar 20 2014 01,0.03
Mar 21 2014 01,0.03
Mar 22 2014 01,0.03
Mar 23 2014 01,0.03
Mar 24 2014 01,0.03
Mar 25 2014 01,0.03
Mar 26 2014 01,0.03
Mar 27 2014 01,0.03
Mar 28 2014 01,0.03
Mar 29 2014 01,0.03
Mar 30 2014 01,0.03
Mar 31 2014 01,0.03
Apr 01 2014 01,0.03
Apr 02 2014 01,0.03
Apr 03 2014 01,0.03
Apr 04 2014 01,0.03
Apr 05 2014 01,0.03
Apr 06 2014 01,0.03
Apr 07 2014 01,0.03
Apr 08 2014 01,0.03
Apr 09 2014 01,0.03
Apr 10 2014 01,0.03
Apr 11 2014 01,0.03
Apr 12 2014 01,0.03
Apr 13 2014 01,0.03
Apr 14 2014 01,0.03
Apr 15 2014 01,0.03
Apr 16 2014 01,0.03
Apr 17 2014 01,0.03
Apr 18 2014 01,0.03
Apr 19 2014 01,0.03
Apr 20 2014 01,0.03
Apr 21 2014 01,0.03
Apr 22 2014 01,0.03
Apr 23 2014 01,0.03
Apr 24 2014 01,0.03
Apr 25 2014 01,0.03
Apr 26 2014 01,0.03
Apr 27 2014 01,0.03
Apr 28 2014 01,0.03
Apr 29 2014 01,0.03
Apr 30 2014 01,0.03
May 01 2014 01,0.03
May 02 2014 01,0.03
May 03 2014 01,0.03
May 04 2014 01,0.03
May 05 2014 01,0.03
May 06 2014 01,0.03
May 07 2014 01,0.03
May 08 2014 01,0.03
May 09 2014 01,0.03
May 10 2014 01,0.03
May 11 2014 01,0.03
May 12 2014 01,0.03
May 13 2014 01,0.03
May 14 2014 01,0.03
May 15 2014 01,0.03
May 16 2014 01,0.03
May 17 2014 01,0.03
May 18 2014 01,0.03
May 19 2014 01,0.03
May 20 2014 01,0.03
May 21 2014 01,0.03
May 22 2014 01,0.03
May 23 2014 01,0.03
May 24 2014 01,0.03
May 25 2014 01,0.03
May 26 2014 01,0.03
May 27 2014 01,0.03
May 28 2014 01,0.03
May 29 2014 01,0.03
May 30 2014 01,0.03
May 31 2014 01,0.03
Jun 01 2014 01,0.03
Jun 02 2014 01,0.03
Jun 03 2014 01,0.03
Jun 04 2014 01,0.03
Jun 05 2014 01,0.03
Jun 06 2014 01,0.03
Jun 07 2014 01,0.03
Jun 08 2014 01,0.03
Jun 09 2014 01,0.03
Jun 10 2014 01,0.03
Jun 11 2014 01,0.03
Jun 12 2014 01,0.03
Jun 13 2014 01,0.03
Jun 14 2014 01,0.03
Jun 15 2014 01,0.03
Jun 16 2014 01,0.03
Jun 17 2014 01,0.03
Jun 18 2014 01,0.03
Jun 19 2014 01,0.03
Jun 20 2014 01,0.03
Jun 21 2014 01,0.03
Jun 22 2014 01,0.03
Jun 23 2014 01,0.03
Jun 24 2014 01,0.03
Jun 25 2014 01,0.03
Jun 26 2014 01,0.03
Jun 27 2014 01,0.03
Jun 28 2014 01,0.03
Jun 29 2014 01,0.03
Jun 30 2014 01,0.03
Jul 01 2014 01,0.03
Jul 02 2014 01,0.03
Jul 03 2014 01,0.03
Jul 04 2014 01,0.03
Jul 05 2014 01,0.03
Jul 06 2014 01,0.03
Jul 07 2014 01,0.03
Jul 08 2014 01,0.03
Jul 09 2014 01,0.03
Jul 10 2014 01,0.03
Jul 11 2014 01,0.03
Jul 12 2014 01,0.03
Jul 13 2014 01,0.03
Jul 14 2014 01,0.03
Jul 15 2014 01,0.03
Jul 16 2014 01,0.03
Jul 17 2014 01,0.03
Jul 18 2014 01,0.03
Jul 19 2014 01,0.03
Jul 20 2014 01,0.03
Jul 21 2014 01,0.03
Jul 22 2014 01,0.03
Jul 23 2014 01,0.03
Jul 24 2014 01,0.03
Jul 25 2014 01,0.03
Jul 26 2014 01,0.03
Jul 27 2014 01,0.03
Jul 28 2014 01,0.03
Jul 29 2014 01,0.03
Jul 30 2014 01,0.03
Jul 31 2014 01,0.03
Aug 01 2014 01,0.03
Aug 02 2014 01,0.03
Aug 03 2014 01,0.03
Aug 04 2014 01,0.03
Aug 05 2014 01,0.03
Aug 06 2014 01,0.03
Aug 07 2014 01,0.03
Aug 08 2014 01,0.03
Aug 09 2014 01,0.03
Aug 10 2014 01,0.03
Aug 11 2014 01,0.03
Aug 12 2014 01,0.03
Aug 13 2014 01,0.03
Aug 14 2014 01,0.03
Aug 15 2014 01,0.03
Aug 16 2014 01,0.03
Aug 17 2014 01,0.03
Aug 18 2014 01,0.03
Aug 19 2014 01,0.03
Aug 20 2014 01,0.03
Aug 21 2014 01,0.03
Aug 22 2014 01,0.03
Aug 23 2014 01,0.03
Aug 24 2014 01,0.03
Aug 25 2014 01,0.03
Aug 26 2014 01,0.03
Aug 27 2014 01,0.03
Aug 28 2014 01,0.03
Aug 29 2014 01,0.03
Aug 30 2014 01,0.03
Aug 31 2014 01,0.03
Sep 01 2014 01,0.03
Sep 02 2014 01,0.03
Sep 03 2014 01,0.03
Sep 04 2014 01,0.03
Sep 05 2014 01,0.03
Sep 06 2014 01,0.03
Sep 07 2014 01,0.03
Sep 08 2014 01,0.03
Sep 09 2014 01,0.03
Sep 10 2014 01,0.03
Sep 11 2014 01,0.03
Sep 12 2014 01,0.03
Sep 13 2014 01,0.03
Sep 14 2014 01,0.03
Sep 15 2014 01,0.03
Sep 16 2014 01,0.03
Sep 17 2014 01,0.03
Sep 18 2014 01,0.03
Sep 19 2014 01,0.03
Sep 20 2014 01,0.03
Sep 21 2014 01,0.03
Sep 22 2014 01,0.03
Sep 23 2014 01,0.03
Sep 24 2014 01,0.03
Sep 25 2014 01,0.03
Sep 26 2014 01,0.03
Sep 27 2014 01,0.03
Sep 28 2014 01,0.03
Sep 29 2014 01,0.03
Sep 30 2014 01,0.03
Oct 01 2014 01,0.03
Oct 02 2014 01,0.03
Oct 03 2014 01,0.03
Oct 04 2014 01,0.03
Oct 05 2014 01,0.03
Oct 06 2014 01,0.03
Oct 07 2014 01,0.03
Oct 08 2014 01,0.03
Oct 09 2014 01,0.03
Oct 10 2014 01,0.03
Oct 11 2014 01,0.03
Oct 12 2014 01,0.03
Oct 13 2014 01,0.03
Oct 14 2014 01,0.03
Oct 15 2014 01,0.03
Oct 16 2014 01,0.03
Oct 17 2014 01,0.03
Oct 18 2014 01,0.03
Oct 19 2014 01,0.03
Oct 20 2014 01,0.03
Oct 21 2014 01,0.03
Oct 22 2014 01,0.03
Oct 23 2014 01,0.03
Oct 24 2014 01,0.03
Oct 25 2014 01,0.03
Oct 26 2014 01,0.03
Oct 27 2014 01,0.03
Oct 28 2014 01,0.03
Oct 29 2014 01,0.03
Oct 30 2014 01,0.03
Oct 31 2014 01,0.03
Nov 01 2014 01,0.03
Nov 02 2014 01,0.03
Nov 03 2014 01,0.03
Nov 04 2014 01,0.03
Nov 05 2014 01,0.03
Nov 06 2014 01,0.03
Nov 07 2014 01,0.03
Nov 08 2014 01,0.03
Nov 09 2014 01,0.03
Nov 10 2014 01,0.03
Nov 11 2014 01,0.03
Nov 12 2014 01,0.03
Nov 13 2014 01,0.03
Nov 14 2014 01,0.03
Nov 15 2014 01,0.03
Nov 16 2014 01,0.03
Nov 17 2014 01,0.03
Nov 18 2014 01,0.03
Nov 19 2014 01,0.03
Nov 20 2014 01,0.03
Nov 21 2014 01,0.03
Nov 22 2014 01,0.03
Nov 23 2014 01,0.03
Nov 24 2014 01,0.03
Nov 25 2014 01,0.03
Nov 26 2014 01,0.03
Nov 27 2014 01,0.03
Nov 28 2014 01,0.03
Nov 29 2014 01,0.03
Nov 30 2014 01,0.03
Dec 01 2014 01,0.03
Dec 02 2014 01,0.03
Dec 03 2014 01,0.03
Dec 04 2014 01,0.03
Dec 05 2014 01,0.03
Dec 06 2014 01,0.03
Dec 07 2014 01,0.03
Dec 08 2014 01,0.03
Dec 09 2014 01,0.03
Dec 10 2014 01,0.03
Dec 11 2014 01,0.03
Dec 12 2014 01,0.03
Dec 13 2014 01,0.03
Dec 14 2014 01,0.03
Dec 15 2014 01,0.03
Dec 16 2014 01,0.03
Dec 17 2014 01,0.03
Dec 18 2014 01,0.03
Dec 19 2014 01,0.03
Dec 20 2014 01,0.03
Dec 21 2014 01,0.03
Dec 22 2014 01,0.03
Dec 23 2014 01,0.03
Dec 24 2014 01,0.03
Dec 25 2014 01,0.03
Dec 26 2014 01,0.03
Dec 27 2014 01,0.03
Dec 28 2014 01,0.03
Dec 29 2014 01,0.03
Dec 30 2014 01,0.03
Dec 31 2014 01,0.03
Jan 01 2015 01,0.03
Jan 02 2015 01,0.03
Jan 03 2015 01,0.03
Jan 04 2015 01,0.03
Jan 05 2015 01,0.03
Jan 06 2015 01,0.03
Jan 07 2015 01,0.03
Jan 08 2015 01,0.03
Jan 09 2015 01,0.03
Jan 10 2015 01,0.03
Jan 11 2015 01,0.03
Jan 12 2015 01,0.03
Jan 13 2015 01,0.03
Jan 14 2015 01,0.03
Jan 15 2015 01,0.03
Jan 16 2015 01,0.03
Jan 17 2015 01,0.03
Jan 18 2015 01,0.03
Jan 19 2015 01,0.03
Jan 20 2015 01,0.03
Jan 21 2015 01,0.03
Jan 22 2015 01,0.03
Jan 23 2015 01,0.03
Jan 24 2015 01,0.03
Jan 25 2015 01,0.03
Jan 26 2015 01,0.03
Jan 27 2015 01,0.03
Jan 28 2015 01,0.03
Jan 29 2015 01,0.03
Jan 30 2015 01,0.03
Jan 31 2015 01,0.03
Feb 01 2015 01,0.03
Feb 02 2015 01,0.03
Feb 03 2015 01,0.03
Feb 04 2015 01,0.03
Feb 05 2015 01,0.03
Feb 06 2015 01,0.03
Feb 07 2015 01,0.03
Feb 08 2015 01,0.03
Feb 09 2015 01,0.03
Feb 10 2015 01,0.03
Feb 11 2015 01,0.03
Feb 12 2015 01,0.03
Feb 13 2015 01,0.03
Feb 14 2015 01,0.03
Feb 15 2015 01,0.03
Feb 16 2015 01,0.03
Feb 17 2015 01,0.03
Feb 18 2015 01,0.03
Feb 19 2015 01,0.03
Feb 20 2015 01,0.03
Feb 21 2015 01,0.03
Feb 22 2015 01,0.03
Feb 23 2015 01,0.03
Feb 24 2015 01,0.03
Feb 25 2015 01,0.03
Feb 26 2015 01,0.03
Feb 27 2015 01,0.03
Feb 28 2015 01,0.03
Mar 01 2015 01,0.03
Mar 02 2015 01,0.03
Mar 03 2015 01,0.03
Mar 04 2015 01,0.03
Mar 05 2015 01,0.03
Mar 06 2015 01,0.03
Mar 07 2015 01,0.03
Mar 08 2015 01,0.03
Mar 09 2015 01,0.03
Mar 10 2015 01,0.03
Mar 11 2015 01,0.03
Mar 12 2015 01,0.03
Mar 13 2015 01,0.03
Mar 14 2015 01,0.03
Mar 15 2015 01,0.03
Mar 16 2015 01,0.03
Mar 17 2015 01,0.03
Mar 18 2015 01,0.03
Mar 19 2015 01,0.03
Mar 20 2015 01,0.031
Mar 21 2015 01,0.031
Mar 22 2015 01,0.03
Mar 23 2015 01,0.03
Mar 24 2015 01,0.03
Mar 25 2015 01,0.03
Mar 26 2015 01,0.03
Mar 27 2015 01,0.03
Mar 28 2015 01,0.034
Mar 29 2015 01,0.035
Mar 30 2015 01,0.035
Mar 31 2015 01,0.036
Apr 01 2015 01,0.042
Apr 02 2015 01,0.043
Apr 03 2015 01,0.043
Apr 04 2015 01,0.04
Apr 05 2015 01,0.041
Apr 06 2015 01,0.044
Apr 07 2015 01,0.042
Apr 08 2015 01,0.045
Apr 09 2015 01,0.043
Apr 10 2015 01,0.046
Apr 11 2015 01,0.048
Apr 12 2015 01,0.048
Apr 13 2015 01,0.051
Apr 14 2015 01,0.05
Apr 15 2015 01,0.051
Apr 16 2015 01,0.044
Apr 17 2015 01,0.048
Apr 18 2015 01,0.046
Apr 19 2015 01,0.047
Apr 20 2015 01,0.044
Apr 21 2015 01,0.042
Apr 22 2015 01,0.042
Apr 23 2015 01,0.05
Apr 24 2015 01,0.045
Apr 25 2015 01,0.048
Apr 26 2015 01,0.046
Apr 27 2015 01,0.049
Apr 28 2015 01,0.051
Apr 29 2015 01,0.056
Apr 30 2015 01,0.055
May 01 2015 01,0.061
May 02 2015 01,0.061
May 03 2015 01,0.057
May 04 2015 01,0.05
May 05 2015 01,0.055
May 06 2015 01,0.055
May 07 2015 01,0.055
May 08 2015 01,0.062
May 09 2015 01,0.062
May 10 2015 01,0.06
May 11 2015 01,0.057
May 12 2015 01,0.054
May 13 2015 01,0.055
May 14 2015 01,0.059
May 15 2015 01,0.063
May 16 2015 01,0.068
May 17 2015 01,0.066
May 18 2015 01,0.065
May 19 2015 01,0.066
May 20 2015 01,0.068
May 21 2015 01,0.069
May 22 2015 01,0.073
May 23 2015 01,0.075
May 24 2015 01,0.075
May 25 2015 01,0.078
May 26 2015 01,0.075
May 27 2015 01,0.052
May 28 2015 01,0.063
May 29 2015 01,0.066
May 30 2015 01,0.072
May 31 2015 01,0.071
Jun 01 2015 01,0.071
Jun 02 2015 01,0.072
Jun 03 2015 01,0.072
Jun 04 2015 01,0.071
Jun 05 2015 01,0.067
Jun 06 2015 01,0.068
Jun 07 2015 01,0.067
Jun 08 2015 01,0.065
Jun 09 2015 01,0.068
Jun 10 2015 01,0.069
Jun 11 2015 01,0.066
Jun 12 2015 01,0.061
Jun 13 2015 01,0.059
Jun 14 2015 01,0.056
Jun 15 2015 01,0.055
Jun 16 2015 01,0.059
Jun 17 2015 01,0.056
Jun 18 2015 01,0.061
Jun 19 2015 01,0.057
Jun 20 2015 01,0.062
Jun 21 2015 01,0.057
Jun 22 2015 01,0.057
Jun 23 2015 01,0.063
Jun 24 2015 01,0.064
Jun 25 2015 01,0.07
Jun 26 2015 01,0.073
Jun 27 2015 01,0.082
Jun 28 2015 01,0.077
Jun 29 2015 01,0.079
Jun 30 2015 01,0.084
Jul 01 2015 01,0.081
Jul 02 2015 01,0.081
Jul 03 2015 01,0.083
Jul 04 2015 01,0.085
Jul 05 2015 01,0.083
Jul 06 2015 01,0.085
Jul 07 2015 01,0.081
Jul 08 2015 01,0.08
Jul 09 2015 01,0.081
Jul 10 2015 01,0.085
Jul 11 2015 01,0.088
Jul 12 2015 01,0.09
Jul 13 2015 01,0.1
Jul 14 2015 01,0.108
Jul 15 2015 01,0.115
Jul 16 2015 01,0.125
Jul 17 2015 01,0.129
Jul 18 2015 01,0.13
Jul 19 2015 01,0.129
Jul 20 2015 01,0.134
Jul 21 2015 01,0.13
Jul 22 2015 01,0.125
Jul 23 2015 01,0.121
Jul 24 2015 01,0.117
Jul 25 2015 01,0.116
Jul 26 2015 01,0.112
Jul 27 2015 01,0.112
Jul 28 2015 01,0.11
Jul 29 2015 01,0.109
Jul 30 2015 01,0.108
Jul 31 2015 01,0.108
Aug 01 2015 01,0.105
Aug 02 2015 01,0.104
Aug 03 2015 01,0.105
Aug 04 2015 01,0.105
Aug 05 2015 01,0.107
Aug 06 2015 01,0.113
Aug 07 2015 01,0.118
Aug 08 2015 01,0.119
Aug 09 2015 01,0.121
Aug 10 2015 01,0.12
Aug 11 2015 01,0.125
Aug 12 2015 01,0.124
Aug 13 2015 01,0.121
Aug 14 2015 01,0.12
Aug 15 2015 01,0.107
Aug 16 2015 01,0.097
Aug 17 2015 01,0.098
Aug 18 2015 01,0.094
Aug 19 2015 01,0.092
Aug 20 2015 01,0.087
Aug 21 2015 01,0.078
Aug 22 2015 01,0.08
Aug 23 2015 01,0.067
Aug 24 2015 01,0.073
Aug 25 2015 01,0.088
Aug 26 2015 01,0.09
Aug 27 2015 01,0.096
Aug 28 2015 01,0.097
Aug 29 2015 01,0.101
Aug 30 2015 01,0.1
Aug 31 2015 01,0.101
Sep 01 2015 01,0.104
Sep 02 2015 01,0.105
Sep 03 2015 01,0.102
Sep 04 2015 01,0.107
Sep 05 2015 01,0.107
Sep 06 2015 01,0.107
Sep 07 2015 01,0.103
Sep 08 2015 01,0.104
Sep 09 2015 01,0.101
Sep 10 2015 01,0.104
Sep 11 2015 01,0.105
Sep 12 2015 01,0.112
Sep 13 2015 01,0.112
Sep 14 2015 01,0.115
Sep 15 2015 01,0.111
Sep 16 2015 01,0.115
Sep 17 2015 01,0.118
Sep 18 2015 01,0.116
Sep 19 2015 01,0.122
Sep 20 2015 01,0.127
Sep 21 2015 01,0.123
Sep 22 2015 01,0.126
Sep 23 2015 01,0.127
Sep 24 2015 01,0.131
Sep 25 2015 01,0.131
Sep 26 2015 01,0.139
Sep 27 2015 01,0.149
Sep 28 2015 01,0.143
Sep 29 2015 01,0.141
Sep 30 2015 01,0.143
Oct 01 2015 01,0.142
Oct 02 2015 01,0.147
Oct 03 2015 01,0.151
Oct 04 2015 01,0.149
Oct 05 2015 01,0.15
Oct 06 2015 01,0.164
Oct 07 2015 01,0.171
Oct 08 2015 01,0.191
Oct 09 2015 01,0.241
Oct 10 2015 01,0.217
Oct 11 2015 01,0.215
Oct 12 2015 01,0.203
Oct 13 2015 01,0.196
Oct 14 2015 01,0.191
Oct 15 2015 01,0.171
Oct 16 2015 01,0.171
Oct 17 2015 01,0.188
Oct 18 2015 01,0.191
Oct 19 2015 01,0.172
Oct 20 2015 01,0.173
Oct 21 2015 01,0.156
Oct 22 2015 01,0.153
Oct 23 2015 01,0.162
Oct 24 2015 01,0.163
Oct 25 2015 01,0.163
Oct 26 2015 01,0.157
Oct 27 2015 01,0.156
Oct 28 2015 01,0.15
Oct 29 2015 01,0.149
Oct 30 2015 01,0.151
Oct 31 2015 01,0.147
Nov 01 2015 01,0.141
Nov 02 2015 01,0.144
Nov 03 2015 01,0.154
Nov 04 2015 01,0.151
Nov 05 2015 01,0.157
Nov 06 2015 01,0.16
Nov 07 2015 01,0.166
Nov 08 2015 01,0.17
Nov 09 2015 01,0.173
Nov 10 2015 01,0.171
Nov 11 2015 01,0.175
Nov 12 2015 01,0.172
Nov 13 2015 01,0.179
Nov 14 2015 01,0.189
Nov 15 2015 01,0.197
Nov 16 2015 01,0.199
Nov 17 2015 01,0.197
Nov 18 2015 01,0.2
Nov 19 2015 01,0.198
Nov 20 2015 01,0.204
Nov 21 2015 01,0.205
Nov 22 2015 01,0.201
Nov 23 2015 01,0.186
Nov 24 2015 01,0.192
Nov 25 2015 01,0.199
Nov 26 2015 01,0.188
Nov 27 2015 01,0.184
Nov 28 2015 01,0.173
Nov 29 2015 01,0.17
Nov 30 2015 01,0.169
Dec 01 2015 01,0.166
Dec 02 2015 01,0.161
Dec 03 2015 01,0.166
Dec 04 2015 01,0.178
Dec 05 2015 01,0.194
Dec 06 2015 01,0.207
Dec 07 2015 01,0.209
Dec 08 2015 01,0.217
Dec 09 2015 01,0.214
Dec 10 2015 01,0.226
Dec 11 2015 01,0.241
Dec 12 2015 01,0.33
Dec 13 2015 01,0.331
Dec 14 2015 01,0.303
Dec 15 2015 01,0.363
Dec 16 2015 01,0.335
Dec 17 2015 01,0.315
Dec 18 2015 01,0.329
Dec 19 2015 01,0.341
Dec 20 2015 01,0.329
Dec 21 2015 01,0.303
Dec 22 2015 01,0.262
Dec 23 2015 01,0.235
Dec 24 2015 01,0.223
Dec 25 2015 01,0.247
Dec 26 2015 01,0.262
Dec 27 2015 01,0.26
Dec 28 2015 01,0.265
Dec 29 2015 01,0.253
Dec 30 2015 01,0.244
Dec 31 2015 01,0.26
Jan 01 2016 01,0.257
Jan 02 2016 01,0.245
Jan 03 2016 01,0.228
Jan 04 2016 01,0.224
Jan 05 2016 01,0.244
Jan 06 2016 01,0.256
Jan 07 2016 01,0.265
Jan 08 2016 01,0.271
Jan 09 2016 01,0.298
Jan 10 2016 01,0.327
Jan 11 2016 01,0.315
Jan 12 2016 01,0.327
Jan 13 2016 01,0.315
Jan 14 2016 01,0.308
Jan 15 2016 01,0.301
Jan 16 2016 01,0.304
Jan 17 2016 01,0.296
Jan 18 2016 01,0.306
Jan 19 2016 01,0.294
Jan 20 2016 01,0.291
Jan 21 2016 01,0.29
Jan 22 2016 01,0.298
Jan 23 2016 01,0.298
Jan 24 2016 01,0.315
Jan 25 2016 01,0.328
Jan 26 2016 01,0.328
Jan 27 2016 01,0.33
Jan 28 2016 01,0.331
Jan 29 2016 01,0.331
Jan 30 2016 01,0.338
Jan 31 2016 01,0.329
Feb 01 2016 01,0.334
Feb 02 2016 01,0.338
Feb 03 2016 01,0.348
Feb 04 2016 01,0.364
Feb 05 2016 01,0.408
Feb 06 2016 01,0.379
Feb 07 2016 01,0.375
Feb 08 2016 01,0.357
Feb 09 2016 01,0.364
Feb 10 2016 01,0.347
Feb 11 2016 01,0.345
Feb 12 2016 01,0.354
Feb 13 2016 01,0.387
Feb 14 2016 01,0.408
Feb 15 2016 01,0.412
Feb 16 2016 01,0.419
Feb 17 2016 01,0.415
Feb 18 2016 01,0.349
Feb 19 2016 01,0.37
Feb 20 2016 01,0.386
Feb 21 2016 01,0.385
Feb 22 2016 01,0.377
Feb 23 2016 01,0.387
Feb 24 2016 01,0.383
Feb 25 2016 01,0.387
Feb 26 2016 01,0.393
Feb 27 2016 01,0.378
Feb 28 2016 01,0.371
Feb 29 2016 01,0.366
Mar 01 2016 01,0.362
Mar 02 2016 01,0.363
Mar 03 2016 01,0.36
Mar 04 2016 01,0.363
Mar 05 2016 01,0.367
Mar 06 2016 01,0.365
Mar 07 2016 01,0.354
Mar 08 2016 01,0.357
Mar 09 2016 01,0.363
Mar 10 2016 01,0.375
Mar 11 2016 01,0.386
Mar 12 2016 01,0.41
Mar 13 2016 01,0.424
Mar 14 2016 01,0.433
Mar 15 2016 01,0.427
Mar 16 2016 01,0.442
Mar 17 2016 01,0.479
Mar 18 2016 01,0.478
Mar 19 2016 01,0.504
Mar 20 2016 01,0.481
Mar 21 2016 01,0.464
Mar 22 2016 01,0.515
Mar 23 2016 01,0.532
Mar 24 2016 01,0.527
Mar 25 2016 01,0.502
Mar 26 2016 01,0.531
Mar 27 2016 01,0.531
Mar 28 2016 01,0.522
Mar 29 2016 01,0.488
Mar 30 2016 01,0.445
Mar 31 2016 01,0.47
Apr 01 2016 01,0.498
Apr 02 2016 01,0.529
Apr 03 2016 01,0.461
Apr 04 2016 01,0.463
Apr 05 2016 01,0.475
Apr 06 2016 01,0.509
Apr 07 2016 01,0.526
Apr 08 2016 01,0.538
Apr 09 2016 01,0.589
Apr 10 2016 01,0.565
Apr 11 2016 01,0.559
Apr 12 2016 01,0.545
Apr 13 2016 01,0.541
Apr 14 2016 01,0.542
Apr 15 2016 01,0.537
Apr 16 2016 01,0.549
Apr 17 2016 01,0.54
Apr 18 2016 01,0.536
Apr 19 2016 01,0.558
Apr 20 2016 01,0.536
Apr 21 2016 01,0.538
Apr 22 2016 01,0.584
Apr 23 2016 01,0.573
Apr 24 2016 01,0.561
Apr 25 2016 01,0.575
Apr 26 2016 01,0.578
Apr 27 2016 01,0.578
Apr 28 2016 01,0.58
Apr 29 2016 01,0.574
Apr 30 2016 01,0.605
May 01 2016 01,0.625
May 02 2016 01,0.629
May 03 2016 01,0.631
May 04 2016 01,0.641
May 05 2016 01,0.654
May 06 2016 01,0.703
May 07 2016 01,0.842
May 08 2016 01,0.86
May 09 2016 01,0.804
May 10 2016 01,0.802
May 11 2016 01,0.798
May 12 2016 01,0.825
May 13 2016 01,0.837
May 14 2016 01,0.876
May 15 2016 01,0.908
May 16 2016 01,1.294
May 17 2016 01,1.106
May 18 2016 01,0.941
May 19 2016 01,0.851
May 20 2016 01,0.916
May 21 2016 01,0.925
May 22 2016 01,0.903
May 23 2016 01,0.848
May 24 2016 01,0.853
May 25 2016 01,0.842
May 26 2016 01,0.81
May 27 2016 01,0.81
May 28 2016 01,0.805
May 29 2016 01,0.815
May 30 2016 01,0.808
May 31 2016 01,0.828
Jun 01 2016 01,0.809
Jun 02 2016 01,0.858
Jun 03 2016 01,0.867
Jun 04 2016 01,0.813
Jun 05 2016 01,0.816
Jun 06 2016 01,0.85
Jun 07 2016 01,0.825
Jun 08 2016 01,0.789
Jun 09 2016 01,0.819
Jun 10 2016 01,0.807
Jun 11 2016 01,0.825
Jun 12 2016 01,0.797
Jun 13 2016 01,0.773
Jun 14 2016 01,0.783
Jun 15 2016 01,0.717
Jun 16 2016 01,0.691
Jun 17 2016 01,0.753
Jun 18 2016 01,0.741
Jun 19 2016 01,0.714
Jun 20 2016 01,0.707
Jun 21 2016 01,0.716
Jun 22 2016 01,0.662
Jun 23 2016 01,0.623
Jun 24 2016 01,0.592
Jun 25 2016 01,0.575
Jun 26 2016 01,0.509
Jun 27 2016 01,0.473
Jun 28 2016 01,0.458
Jun 29 2016 01,0.473
Jun 30 2016 01,0.507
Jul 01 2016 01,0.492
Jul 02 2016 01,0.479
Jul 03 2016 01,0.471
Jul 04 2016 01,0.455
Jul 05 2016 01,0.494
Jul 06 2016 01,0.512
Jul 07 2016 01,0.482
Jul 08 2016 01,0.531
Jul 09 2016 01,0.552
Jul 10 2016 01,0.519
Jul 11 2016 01,0.53
Jul 12 2016 01,0.542
Jul 13 2016 01,0.542
Jul 14 2016 01,0.533
Jul 15 2016 01,0.522
Jul 16 2016 01,0.5
Jul 17 2016 01,0.516
Jul 18 2016 01,0.53
Jul 19 2016 01,0.532
Jul 20 2016 01,0.513
Jul 21 2016 01,0.497
Jul 22 2016 01,0.483
Jul 23 2016 01,0.477
Jul 24 2016 01,0.481
Jul 25 2016 01,0.488
Jul 26 2016 01,0.496
Jul 27 2016 01,0.491
Jul 28 2016 01,0.495
Jul 29 2016 01,0.499
Jul 30 2016 01,0.504
Jul 31 2016 01,0.482
Aug 01 2016 01,0.483
Aug 02 2016 01,0.478
Aug 03 2016 01,0.452
Aug 04 2016 01,0.42
Aug 05 2016 01,0.406
Aug 06 2016 01,0.394
Aug 07 2016 01,0.385
Aug 08 2016 01,0.378
Aug 09 2016 01,0.381
Aug 10 2016 01,0.365
Aug 11 2016 01,0.35
Aug 12 2016 01,0.35
Aug 13 2016 01,0.352
Aug 14 2016 01,0.369
Aug 15 2016 01,0.39
Aug 16 2016 01,0.396
Aug 17 2016 01,0.404
Aug 18 2016 01,0.405
Aug 19 2016 01,0.391
Aug 20 2016 01,0.4
Aug 21 2016 01,0.403
Aug 22 2016 01,0.422
Aug 23 2016 01,0.421
Aug 24 2016 01,0.413
Aug 25 2016 01,0.416
Aug 26 2016 01,0.423
Aug 27 2016 01,0.429
Aug 28 2016 01,0.438
Aug 29 2016 01,0.423
Aug 30 2016 01,0.427
Aug 31 2016 01,0.428
Sep 01 2016 01,0.43
Sep 02 2016 01,0.407
Sep 03 2016 01,0.4
Sep 04 2016 01,0.396
Sep 05 2016 01,0.389
Sep 06 2016 01,0.379
Sep 07 2016 01,0.388
Sep 08 2016 01,0.389
Sep 09 2016 01,0.39
Sep 10 2016 01,0.406
Sep 11 2016 01,0.398
Sep 12 2016 01,0.394
Sep 13 2016 01,0.395
Sep 14 2016 01,0.385
Sep 15 2016 01,0.382
Sep 16 2016 01,0.39
Sep 17 2016 01,0.402
Sep 18 2016 01,0.403
Sep 19 2016 01,0.397
Sep 20 2016 01,0.383
Sep 21 2016 01,0.371
Sep 22 2016 01,0.379
Sep 23 2016 01,0.392
Sep 24 2016 01,0.413
Sep 25 2016 01,0.414
Sep 26 2016 01,0.401
Sep 27 2016 01,0.407
Sep 28 2016 01,0.397
Sep 29 2016 01,0.406
Sep 30 2016 01,0.408
Oct 01 2016 01,0.414
Oct 02 2016 01,0.415
Oct 03 2016 01,0.411
Oct 04 2016 01,0.402
Oct 05 2016 01,0.398
Oct 06 2016 01,0.387
Oct 07 2016 01,0.379
Oct 08 2016 01,0.378
Oct 09 2016 01,0.357
Oct 10 2016 01,0.335
Oct 11 2016 01,0.329
Oct 12 2016 01,0.336
Oct 13 2016 01,0.341
Oct 14 2016 01,0.346
Oct 15 2016 01,0.344
Oct 16 2016 01,0.338
Oct 17 2016 01,0.33
Oct 18 2016 01,0.327
Oct 19 2016 01,0.328
Oct 20 2016 01,0.332
Oct 21 2016 01,0.334
Oct 22 2016 01,0.324
Oct 23 2016 01,0.323
Oct 24 2016 01,0.325
Oct 25 2016 01,0.316
Oct 26 2016 01,0.314
Oct 27 2016 01,0.312
Oct 28 2016 01,0.314
Oct 29 2016 01,0.3
Oct 30 2016 01,0.298
Oct 31 2016 01,0.3
Nov 01 2016 01,0.309
Nov 02 2016 01,0.31
Nov 03 2016 01,0.31
Nov 04 2016 01,0.323
Nov 05 2016 01,0.322
Nov 06 2016 01,0.317
Nov 07 2016 01,0.313
Nov 08 2016 01,0.312
Nov 09 2016 01,0.319
Nov 10 2016 01,0.314
Nov 11 2016 01,0.318
Nov 12 2016 01,0.321
Nov 13 2016 01,0.317
Nov 14 2016 01,0.314
Nov 15 2016 01,0.328
Nov 16 2016 01,0.324
Nov 17 2016 01,0.317
Nov 18 2016 01,0.312
Nov 19 2016 01,0.315
Nov 20 2016 01,0.296
Nov 21 2016 01,0.294
Nov 22 2016 01,0.296
Nov 23 2016 01,0.298
Nov 24 2016 01,0.27
Nov 25 2016 01,0.277
Nov 26 2016 01,0.276
Nov 27 2016 01,0.28
Nov 28 2016 01,0.283
Nov 29 2016 01,0.283
Nov 30 2016 01,0.292
Dec 01 2016 01,0.295
Dec 02 2016 01,0.303
Dec 03 2016 01,0.31
Dec 04 2016 01,0.313
Dec 05 2016 01,0.318
Dec 06 2016 01,0.314
Dec 07 2016 01,0.303
Dec 08 2016 01,0.315
Dec 09 2016 01,0.32
Dec 10 2016 01,0.335
Dec 11 2016 01,0.341
Dec 12 2016 01,0.342
Dec 13 2016 01,0.335
Dec 14 2016 01,0.318
Dec 15 2016 01,0.306
Dec 16 2016 01,0.313
Dec 17 2016 01,0.309
Dec 18 2016 01,0.306
Dec 19 2016 01,0.297
Dec 20 2016 01,0.296
Dec 21 2016 01,0.29
Dec 22 2016 01,0.299
Dec 23 2016 01,0.271
Dec 24 2016 01,0.266
Dec 25 2016 01,0.289
Dec 26 2016 01,0.295
Dec 27 2016 01,0.302
Dec 28 2016 01,0.304
Dec 29 2016 01,0.303
Dec 30 2016 01,0.299
Dec 31 2016 01,0.309
Jan 01 2017 01,0.307
Jan 02 2017 01,0.306
Jan 03 2017 01,0.308
Jan 04 2017 01,0.31
Jan 05 2017 01,0.307
Jan 06 2017 01,0.312
Jan 07 2017 01,0.314
Jan 08 2017 01,0.318
Jan 09 2017 01,0.323
Jan 10 2017 01,0.323
Jan 11 2017 01,0.324
Jan 12 2017 01,0.326
Jan 13 2017 01,0.32
Jan 14 2017 01,0.326
Jan 15 2017 01,0.321
Jan 16 2017 01,0.317
Jan 17 2017 01,0.313
Jan 18 2017 01,0.314
Jan 19 2017 01,0.298
Jan 20 2017 01,0.301
Jan 21 2017 01,0.302
Jan 22 2017 01,0.307
Jan 23 2017 01,0.305
Jan 24 2017 01,0.311
Jan 25 2017 01,0.319
Jan 26 2017 01,0.316
Jan 27 2017 01,0.307
Jan 28 2017 01,0.305
Jan 29 2017 01,0.303
Jan 30 2017 01,0.276
Jan 31 2017 01,0.268
Feb 01 2017 01,0.274
Feb 02 2017 01,0.285
Feb 03 2017 01,0.29
Feb 04 2017 01,0.302
Feb 05 2017 01,0.305
Feb 06 2017 01,0.296
Feb 07 2017 01,0.293
Feb 08 2017 01,0.291
Feb 09 2017 01,0.286
Feb 10 2017 01,0.285
Feb 11 2017 01,0.294
Feb 12 2017 01,0.297
Feb 13 2017 01,0.302
Feb 14 2017 01,0.299
Feb 15 2017 01,0.3
Feb 16 2017 01,0.297
Feb 17 2017 01,0.298
Feb 18 2017 01,0.299
Feb 19 2017 01,0.3
Feb 20 2017 01,0.298
Feb 21 2017 01,0.302
Feb 22 2017 01,0.304
Feb 23 2017 01,0.296
Feb 24 2017 01,0.313
Feb 25 2017 01,0.305
Feb 26 2017 01,0.297
Feb 27 2017 01,0.301
Feb 28 2017 01,0.308
Mar 01 2017 01,0.305
Mar 02 2017 01,0.307
Mar 03 2017 01,0.306
Mar 04 2017 01,0.31
Mar 05 2017 01,0.31
Mar 06 2017 01,0.311
Mar 07 2017 01,0.312
Mar 08 2017 01,0.317
Mar 09 2017 01,0.311
Mar 10 2017 01,0.308
Mar 11 2017 01,0.317
Mar 12 2017 01,0.322
Mar 13 2017 01,0.316
Mar 14 2017 01,0.314
Mar 15 2017 01,0.314
Mar 16 2017 01,0.309
Mar 17 2017 01,0.32
Mar 18 2017 01,0.328
Mar 19 2017 01,0.333
Mar 20 2017 01,0.333
Mar 21 2017 01,0.332
Mar 22 2017 01,0.326
Mar 23 2017 01,0.335
Mar 24 2017 01,0.336
Mar 25 2017 01,0.342
Mar 26 2017 01,0.342
Mar 27 2017 01,0.335
Mar 28 2017 01,0.326
Mar 29 2017 01,0.338
Mar 30 2017 01,0.332
Mar 31 2017 01,0.343
Apr 01 2017 01,0.341
Apr 02 2017 01,0.341
Apr 03 2017 01,0.342
Apr 04 2017 01,0.344
Apr 05 2017 01,0.339
Apr 06 2017 01,0.337
Apr 07 2017 01,0.341
Apr 08 2017 01,0.343
Apr 09 2017 01,0.347
Apr 10 2017 01,0.344
Apr 11 2017 01,0.342
Apr 12 2017 01,0.337
Apr 13 2017 01,0.34
Apr 14 2017 01,0.354
Apr 15 2017 01,0.357
Apr 16 2017 01,0.358
Apr 17 2017 01,0.362
Apr 18 2017 01,0.365
Apr 19 2017 01,0.357
Apr 20 2017 01,0.366
Apr 21 2017 01,0.361
Apr 22 2017 01,0.361
Apr 23 2017 01,0.366
Apr 24 2017 01,0.365
Apr 25 2017 01,0.369
Apr 26 2017 01,0.372
Apr 27 2017 01,0.368
Apr 28 2017 01,0.375
Apr 29 2017 01,0.38
Apr 30 2017 01,0.377
May 01 2017 01,0.369
May 02 2017 01,0.376
May 03 2017 01,0.364
May 04 2017 01,0.371
May 05 2017 01,0.352
May 06 2017 01,0.362
May 07 2017 01,0.357
May 08 2017 01,0.358
May 09 2017 01,0.356
May 10 2017 01,0.363
May 11 2017 01,0.357
May 12 2017 01,0.358
May 13 2017 01,0.367
May 14 2017 01,0.366
May 15 2017 01,0.363
May 16 2017 01,0.362
May 17 2017 01,0.372
May 18 2017 01,0.368
May 19 2017 01,0.371
May 20 2017 01,0.374
May 21 2017 01,0.359
May 22 2017 01,0.358
May 23 2017 01,0.357
May 24 2017 01,0.321
May 25 2017 01,0.338
May 26 2017 01,0.355
May 27 2017 01,0.361
May 28 2017 01,0.36
May 29 2017 01,0.357
May 30 2017 01,0.363
May 31 2017 01,0.359
Jun 01 2017 01,0.367
Jun 02 2017 01,0.361
Jun 03 2017 01,0.365
Jun 04 2017 01,0.364
Jun 05 2017 01,0.362
Jun 06 2017 01,0.364
Jun 07 2017 01,0.363
Jun 08 2017 01,0.36
Jun 09 2017 01,0.359
Jun 10 2017 01,0.357
Jun 11 2017 01,0.356
Jun 12 2017 01,0.354
Jun 13 2017 01,0.355
Jun 14 2017 01,0.352
Jun 15 2017 01,0.352
Jun 16 2017 01,0.343
Jun 17 2017 01,0.34
Jun 18 2017 01,0.333
Jun 19 2017 01,0.322
Jun 20 2017 01,0.33
Jun 21 2017 01,0.326
Jun 22 2017 01,0.304
Jun 23 2017 01,0.294
Jun 24 2017 01,0.298
Jun 25 2017 01,0.288
Jun 26 2017 01,0.296
Jun 27 2017 01,0.3
Jun 28 2017 01,0.305
Jun 29 2017 01,0.305
Jun 30 2017 01,0.32
Jul 01 2017 01,0.313
Jul 02 2017 01,0.315
Jul 03 2017 01,0.32
Jul 04 2017 01,0.31
Jul 05 2017 01,0.306
Jul 06 2017 01,0.328
Jul 07 2017 01,0.329
Jul 08 2017 01,0.319
Jul 09 2017 01,0.309
Jul 10 2017 01,0.3
Jul 11 2017 01,0.299
Jul 12 2017 01,0.302
Jul 13 2017 01,0.302
Jul 14 2017 01,0.3
Jul 15 2017 01,0.303
Jul 16 2017 01,0.298
Jul 17 2017 01,0.3
Jul 18 2017 01,0.305
Jul 19 2017 01,0.302
Jul 20 2017 01,0.294
Jul 21 2017 01,0.306
Jul 22 2017 01,0.3
Jul 23 2017 01,0.26
Jul 24 2017 01,0.263
Jul 25 2017 01,0.271
Jul 26 2017 01,0.289
Jul 27 2017 01,0.297
Jul 28 2017 01,0.303
Jul 29 2017 01,0.305
Jul 30 2017 01,0.31
Jul 31 2017 01,0.317
Aug 01 2017 01,0.321
Aug 02 2017 01,0.314
Aug 03 2017 01,0.306
Aug 04 2017 01,0.308
Aug 05 2017 01,0.309
Aug 06 2017 01,0.307
Aug 07 2017 01,0.309
Aug 08 2017 01,0.304
Aug 09 2017 01,0.298
Aug 10 2017 01,0.294
Aug 11 2017 01,0.299
Aug 12 2017 01,0.299
Aug 13 2017 01,0.301
Aug 14 2017 01,0.294
Aug 15 2017 01,0.294
Aug 16 2017 01,0.287
Aug 17 2017 01,0.275
Aug 18 2017 01,0.284
Aug 19 2017 01,0.285
Aug 20 2017 01,0.271
Aug 21 2017 01,0.263
Aug 22 2017 01,0.263
Aug 23 2017 01,0.267
Aug 24 2017 01,0.267
Aug 25 2017 01,0.269
Aug 26 2017 01,0.268
Aug 27 2017 01,0.268
Aug 28 2017 01,0.265
Aug 29 2017 01,0.275
Aug 30 2017 01,0.284
Aug 31 2017 01,0.281
Sep 01 2017 01,0.285
Sep 02 2017 01,0.287
Sep 03 2017 01,0.286
Sep 04 2017 01,0.288
Sep 05 2017 01,0.292
Sep 06 2017 01,0.293
Sep 07 2017 01,0.294
Sep 08 2017 01,0.295
Sep 09 2017 01,0.294
Sep 10 2017 01,0.295
Sep 11 2017 01,0.295
Sep 12 2017 01,0.298
Sep 13 2017 01,0.299
Sep 14 2017 01,0.291
Sep 15 2017 01,0.295
Sep 16 2017 01,0.306
Sep 17 2017 01,0.297
Sep 18 2017 01,0.296
Sep 19 2017 01,0.294
Sep 20 2017 01,0.295
Sep 21 2017 01,0.293
Sep 22 2017 01,0.293
Sep 23 2017 01,0.292
Sep 24 2017 01,0.294
Sep 25 2017 01,0.29
Sep 26 2017 01,0.289
Sep 27 2017 01,0.289
Sep 28 2017 01,0.289
Sep 29 2017 01,0.286
Sep 30 2017 01,0.26
Oct 01 2017 01,0.261
Oct 02 2017 01,0.276
Oct 03 2017 01,0.282
Oct 04 2017 01,0.284
Oct 05 2017 01,0.285
Oct 06 2017 01,0.263
Oct 07 2017 01,0.284
Oct 08 2017 01,0.276
Oct 09 2017 01,0.275
Oct 10 2017 01,0.257
Oct 11 2017 01,0.266
Oct 12 2017 01,0.258
Oct 13 2017 01,0.27
Oct 14 2017 01,0.283
Oct 15 2017 01,0.28
Oct 16 2017 01,0.276
Oct 17 2017 01,0.272
Oct 18 2017 01,0.276
Oct 19 2017 01,0.275
Oct 20 2017 01,0.273
Oct 21 2017 01,0.274
Oct 22 2017 01,0.279
Oct 23 2017 01,0.27
Oct 24 2017 01,0.255
Oct 25 2017 01,0.254
Oct 26 2017 01,0.254
Oct 27 2017 01,0.252
Oct 28 2017 01,0.254
Oct 29 2017 01,0.252
Oct 30 2017 01,0.25
Oct 31 2017 01,0.253
Nov 01 2017 01,0.242
Nov 02 2017 01,0.246
Nov 03 2017 01,0.248
Nov 04 2017 01,0.251
Nov 05 2017 01,0.25
Nov 06 2017 01,0.247
Nov 07 2017 01,0.246
Nov 08 2017 01,0.247
Nov 09 2017 01,0.261
Nov 10 2017 01,0.254
Nov 11 2017 01,0.248
Nov 12 2017 01,0.253
Nov 13 2017 01,0.246
Nov 14 2017 01,0.248
Nov 15 2017 01,0.252
Nov 16 2017 01,0.255
Nov 17 2017 01,0.253
Nov 18 2017 01,0.257
Nov 19 2017 01,0.252
Nov 20 2017 01,0.243
Nov 21 2017 01,0.24
Nov 22 2017 01,0.239
Nov 23 2017 01,0.21
Nov 24 2017 01,0.212
Nov 25 2017 01,0.218
Nov 26 2017 01,0.216
Nov 27 2017 01,0.209
Nov 28 2017 01,0.216
Nov 29 2017 01,0.221
Nov 30 2017 01,0.219
Dec 01 2017 01,0.229
Dec 02 2017 01,0.236
Dec 03 2017 01,0.23
Dec 04 2017 01,0.237
Dec 05 2017 01,0.234
Dec 06 2017 01,0.239
Dec 07 2017 01,0.235
Dec 08 2017 01,0.239
Dec 09 2017 01,0.238
Dec 10 2017 01,0.239
Dec 11 2017 01,0.241
Dec 12 2017 01,0.237
Dec 13 2017 01,0.236
Dec 14 2017 01,0.236
Dec 15 2017 01,0.236
Dec 16 2017 01,0.235
Dec 17 2017 01,0.238
Dec 18 2017 01,0.232
Dec 19 2017 01,0.231
Dec 20 2017 01,0.222
Dec 21 2017 01,0.223
Dec 22 2017 01,0.206
Dec 23 2017 01,0.21
Dec 24 2017 01,0.212
Dec 25 2017 01,0.227
Dec 26 2017 01,0.228
Dec 27 2017 01,0.231
Dec 28 2017 01,0.232
Dec 29 2017 01,0.235
Dec 30 2017 01,0.229
Dec 31 2017 01,0.234
Jan 01 2018 01,0.236
Jan 02 2018 01,0.236
Jan 03 2018 01,0.229
Jan 04 2018 01,0.225
Jan 05 2018 01,0.237
Jan 06 2018 01,0.241
Jan 07 2018 01,0.244
Jan 08 2018 01,0.239
Jan 09 2018 01,0.241
Jan 10 2018 01,0.241
Jan 11 2018 01,0.238
Jan 12 2018 01,0.242
Jan 13 2018 01,0.242
Jan 14 2018 01,0.242
Jan 15 2018 01,0.232
Jan 16 2018 01,0.24
Jan 17 2018 01,0.242
Jan 18 2018 01,0.232
Jan 19 2018 01,0.235
Jan 20 2018 01,0.24
Jan 21 2018 01,0.239
Jan 22 2018 01,0.235
Jan 23 2018 01,0.239
Jan 24 2018 01,0.233
Jan 25 2018 01,0.234
Jan 26 2018 01,0.243
Jan 27 2018 01,0.238
Jan 28 2018 01,0.234
Jan 29 2018 01,0.236
Jan 30 2018 01,0.238
Jan 31 2018 01,0.24
Feb 01 2018 01,0.23
Feb 02 2018 01,0.239
Feb 03 2018 01,0.24
Feb 04 2018 01,0.243
Feb 05 2018 01,0.236
Feb 06 2018 01,0.236
Feb 07 2018 01,0.243
Feb 08 2018 01,0.241
Feb 09 2018 01,0.248
Feb 10 2018 01,0.245
Feb 11 2018 01,0.243
Feb 12 2018 01,0.241
Feb 13 2018 01,0.245
Feb 14 2018 01,0.243
Feb 15 2018 01,0.245
Feb 16 2018 01,0.248
Feb 17 2018 01,0.254
Feb 18 2018 01,0.253
Feb 19 2018 01,0.251
Feb 20 2018 01,0.253
Feb 21 2018 01,0.249
Feb 22 2018 01,0.249
Feb 23 2018 01,0.251
Feb 24 2018 01,0.253
Feb 25 2018 01,0.254
Feb 26 2018 01,0.255
Feb 27 2018 01,0.264
Feb 28 2018 01,0.261
Mar 01 2018 01,0.265
Mar 02 2018 01,0.263
Mar 03 2018 01,0.265
Mar 04 2018 01,0.265
Mar 05 2018 01,0.265
Mar 06 2018 01,0.266
Mar 07 2018 01,0.278
Mar 08 2018 01,0.272
Mar 09 2018 01,0.268
Mar 10 2018 01,0.281
Mar 11 2018 01,0.285
Mar 12 2018 01,0.276
Mar 13 2018 01,0.268
Mar 14 2018 01,0.271
Mar 15 2018 01,0.272
Mar 16 2018 01,0.265
Mar 17 2018 01,0.274
Mar 18 2018 01,0.269
Mar 19 2018 01,0.272
Mar 20 2018 01,0.268
Mar 21 2018 01,0.274
Mar 22 2018 01,0.265
Mar 23 2018 01,0.268
Mar 24 2018 01,0.273
Mar 25 2018 01,0.274
Mar 26 2018 01,0.265
Mar 27 2018 01,0.259
Mar 28 2018 01,0.261
Mar 29 2018 01,0.259
Mar 30 2018 01,0.253
Mar 31 2018 01,0.261
Apr 01 2018 01,0.269
Apr 02 2018 01,0.272
Apr 03 2018 01,0.272
Apr 04 2018 01,0.273
Apr 05 2018 01,0.278
Apr 06 2018 01,0.279
Apr 07 2018 01,0.281
Apr 08 2018 01,0.279
Apr 09 2018 01,0.281
Apr 10 2018 01,0.273
Apr 11 2018 01,0.269
Apr 12 2018 01,0.272
Apr 13 2018 01,0.279
Apr 14 2018 01,0.289
Apr 15 2018 01,0.29
Apr 16 2018 01,0.298
Apr 17 2018 01,0.29
Apr 18 2018 01,0.292
Apr 19 2018 01,0.288
Apr 20 2018 01,0.295
Apr 21 2018 01,0.293
Apr 22 2018 01,0.297
Apr 23 2018 01,0.296
Apr 24 2018 01,0.295
Apr 25 2018 01,0.292
Apr 26 2018 01,0.292
Apr 27 2018 01,0.297
Apr 28 2018 01,0.31
Apr 29 2018 01,0.308
Apr 30 2018 01,0.299
May 01 2018 01,0.303
May 02 2018 01,0.301
May 03 2018 01,0.295
May 04 2018 01,0.309
May 05 2018 01,0.3
May 06 2018 01,0.307
May 07 2018 01,0.306
May 08 2018 01,0.323
May 09 2018 01,0.309
May 10 2018 01,0.317
May 11 2018 01,0.318
May 12 2018 01,0.322
May 13 2018 01,0.312
May 14 2018 01,0.314
May 15 2018 01,0.312
May 16 2018 01,0.311
May 17 2018 01,0.311
May 18 2018 01,0.316
May 19 2018 01,0.313
May 20 2018 01,0.302
May 21 2018 01,0.294
May 22 2018 01,0.306
May 23 2018 01,0.315
May 24 2018 01,0.308
May 25 2018 01,0.312
May 26 2018 01,0.312
May 27 2018 01,0.305
May 28 2018 01,0.304
May 29 2018 01,0.297
May 30 2018 01,0.299
May 31 2018 01,0.303
Jun 01 2018 01,0.292
Jun 02 2018 01,0.289
Jun 03 2018 01,0.286
Jun 04 2018 01,0.287
Jun 05 2018 01,0.291
Jun 06 2018 01,0.298
Jun 07 2018 01,0.295
Jun 08 2018 01,0.295
Jun 09 2018 01,0.29
Jun 10 2018 01,0.295
Jun 11 2018 01,0.289
Jun 12 2018 01,0.29
Jun 13 2018 01,0.296
Jun 14 2018 01,0.294
Jun 15 2018 01,0.3
Jun 16 2018 01,0.29
Jun 17 2018 01,0.294
Jun 18 2018 01,0.29
Jun 19 2018 01,0.285
Jun 20 2018 01,0.277
Jun 21 2018 01,0.273
Jun 22 2018 01,0.259
Jun 23 2018 01,0.264
Jun 24 2018 01,0.266
Jun 25 2018 01,0.27
Jun 26 2018 01,0.271
Jun 27 2018 01,0.259
Jun 28 2018 01,0.244
Jun 29 2018 01,0.258
Jun 30 2018 01,0.256
Jul 01 2018 01,0.262
Jul 02 2018 01,0.255
Jul 03 2018 01,0.258
Jul 04 2018 01,0.264
Jul 05 2018 01,0.267
Jul 06 2018 01,0.279
Jul 07 2018 01,0.291
Jul 08 2018 01,0.288
Jul 09 2018 01,0.278
Jul 10 2018 01,0.284
Jul 11 2018 01,0.289
Jul 12 2018 01,0.287
Jul 13 2018 01,0.294
Jul 14 2018 01,0.307
Jul 15 2018 01,0.308
Jul 16 2018 01,0.31
Jul 17 2018 01,0.303
Jul 18 2018 01,0.3
Jul 19 2018 01,0.3
Jul 20 2018 01,0.29
Jul 21 2018 01,0.305
Jul 22 2018 01,0.298
Jul 23 2018 01,0.3
Jul 24 2018 01,0.308
Jul 25 2018 01,0.311
Jul 26 2018 01,0.307
Jul 27 2018 01,0.319
Jul 28 2018 01,0.317
Jul 29 2018 01,0.316
Jul 30 2018 01,0.317
Jul 31 2018 01,0.317
Aug 01 2018 01,0.316
Aug 02 2018 01,0.324
Aug 03 2018 01,0.317
Aug 04 2018 01,0.326
Aug 05 2018 01,0.337
Aug 06 2018 01,0.346
Aug 07 2018 01,0.343
Aug 08 2018 01,0.355
Aug 09 2018 01,0.368
Aug 10 2018 01,0.36
Aug 11 2018 01,0.337
Aug 12 2018 01,0.373
Aug 13 2018 01,0.391
Aug 14 2018 01,0.383
Aug 15 2018 01,0.378
Aug 16 2018 01,0.385
Aug 17 2018 01,0.394
Aug 18 2018 01,0.393
Aug 19 2018 01,0.39
Aug 20 2018 01,0.407
Aug 21 2018 01,0.405
Aug 22 2018 01,0.409
Aug 23 2018 01,0.411
Aug 24 2018 01,0.428
Aug 25 2018 01,0.447
Aug 26 2018 01,0.454
Aug 27 2018 01,0.448
Aug 28 2018 01,0.449
Aug 29 2018 01,0.45
Aug 30 2018 01,0.429
Aug 31 2018 01,0.405
Sep 01 2018 01,0.414
Sep 02 2018 01,0.41
Sep 03 2018 01,0.417
Sep 04 2018 01,0.414
Sep 05 2018 01,0.403
Sep 06 2018 01,0.416
Sep 07 2018 01,0.396
Sep 08 2018 01,0.409
Sep 09 2018 01,0.392
Sep 10 2018 01,0.386
Sep 11 2018 01,0.389
Sep 12 2018 01,0.397
Sep 13 2018 01,0.393
Sep 14 2018 01,0.404
Sep 15 2018 01,0.403
Sep 16 2018 01,0.394
Sep 17 2018 01,0.402
Sep 18 2018 01,0.406
Sep 19 2018 01,0.401
Sep 20 2018 01,0.395
Sep 21 2018 01,0.403
Sep 22 2018 01,0.388
Sep 23 2018 01,0.372
Sep 24 2018 01,0.356
Sep 25 2018 01,0.362
Sep 26 2018 01,0.371
Sep 27 2018 01,0.379
Sep 28 2018 01,0.392
Sep 29 2018 01,0.386
Sep 30 2018 01,0.393
Oct 01 2018 01,0.404
Oct 02 2018 01,0.406
Oct 03 2018 01,0.384
Oct 04 2018 01,0.397
Oct 05 2018 01,0.397
Oct 06 2018 01,0.398
Oct 07 2018 01,0.404
Oct 08 2018 01,0.387
Oct 09 2018 01,0.389
Oct 10 2018 01,0.392
Oct 11 2018 01,0.387
Oct 12 2018 01,0.392
Oct 13 2018 01,0.398
Oct 14 2018 01,0.402
Oct 15 2018 01,0.4
Oct 16 2018 01,0.407
Oct 17 2018 01,0.42
Oct 18 2018 01,0.411
Oct 19 2018 01,0.415
Oct 20 2018 01,0.411
Oct 21 2018 01,0.413
Oct 22 2018 01,0.409
Oct 23 2018 01,0.425
Oct 24 2018 01,0.393
Oct 25 2018 01,0.391
Oct 26 2018 01,0.385
Oct 27 2018 01,0.401
Oct 28 2018 01,0.406
Oct 29 2018 01,0.395
Oct 30 2018 01,0.387
Oct 31 2018 01,0.366
Nov 01 2018 01,0.372
Nov 02 2018 01,0.386
Nov 03 2018 01,0.378
Nov 04 2018 01,0.388
Nov 05 2018 01,0.379
Nov 06 2018 01,0.398
Nov 07 2018 01,0.396
Nov 08 2018 01,0.378
Nov 09 2018 01,0.365
Nov 10 2018 01,0.377
Nov 11 2018 01,0.38
Nov 12 2018 01,0.37
Nov 13 2018 01,0.372
Nov 14 2018 01,0.382
Nov 15 2018 01,0.372
Nov 16 2018 01,0.374
Nov 17 2018 01,0.382
Nov 18 2018 01,0.38
Nov 19 2018 01,0.382
Nov 20 2018 01,0.373
Nov 21 2018 01,0.359
Nov 22 2018 01,0.355
Nov 23 2018 01,0.349
Nov 24 2018 01,0.348
Nov 25 2018 01,0.339
Nov 26 2018 01,0.337
Nov 27 2018 01,0.321
Nov 28 2018 01,0.333
Nov 29 2018 01,0.331
Nov 30 2018 01,0.329
Dec 01 2018 01,0.335
Dec 02 2018 01,0.323
Dec 03 2018 01,0.338
Dec 04 2018 01,0.346
Dec 05 2018 01,0.358
Dec 06 2018 01,0.341
Dec 07 2018 01,0.329
Dec 08 2018 01,0.344
Dec 09 2018 01,0.36
Dec 10 2018 01,0.351
Dec 11 2018 01,0.355
Dec 12 2018 01,0.333
Dec 13 2018 01,0.347
Dec 14 2018 01,0.349
Dec 15 2018 01,0.349
Dec 16 2018 01,0.351
Dec 17 2018 01,0.331
Dec 18 2018 01,0.328
Dec 19 2018 01,0.324
Dec 20 2018 01,0.318
Dec 21 2018 01,0.31
Dec 22 2018 01,0.311
Dec 23 2018 01,0.305
Dec 24 2018 01,0.302
Dec 25 2018 01,0.316
Dec 26 2018 01,0.309
Dec 27 2018 01,0.311
Dec 28 2018 01,0.313
Dec 29 2018 01,0.305
Dec 30 2018 01,0.307
Dec 31 2018 01,0.313
Jan 01 2019 01,0.324
Jan 02 2019 01,0.323
Jan 03 2019 01,0.321
Jan 04 2019 01,0.321
Jan 05 2019 01,0.337
Jan 06 2019 01,0.34
Jan 07 2019 01,0.341
Jan 08 2019 01,0.341
Jan 09 2019 01,0.356
Jan 10 2019 01,0.351
Jan 11 2019 01,0.363
Jan 12 2019 01,0.361
Jan 13 2019 01,0.359
Jan 14 2019 01,0.365
Jan 15 2019 01,0.365
Jan 16 2019 01,0.356
Jan 17 2019 01,0.356
Jan 18 2019 01,0.353
Jan 19 2019 01,0.365
Jan 20 2019 01,0.361
Jan 21 2019 01,0.363
Jan 22 2019 01,0.363
Jan 23 2019 01,0.36
Jan 24 2019 01,0.37
Jan 25 2019 01,0.366
Jan 26 2019 01,0.374
Jan 27 2019 01,0.376
Jan 28 2019 01,0.376
Jan 29 2019 01,0.373
Jan 30 2019 01,0.362
Jan 31 2019 01,0.361
Feb 01 2019 01,0.361
Feb 02 2019 01,0.373
Feb 03 2019 01,0.359
Feb 04 2019 01,0.351
Feb 05 2019 01,0.359
Feb 06 2019 01,0.342
Feb 07 2019 01,0.343
Feb 08 2019 01,0.344
Feb 09 2019 01,0.359
Feb 10 2019 01,0.35
Feb 11 2019 01,0.351
Feb 12 2019 01,0.366
Feb 13 2019 01,0.367
Feb 14 2019 01,0.362
Feb 15 2019 01,0.371
Feb 16 2019 01,0.385
Feb 17 2019 01,0.388
Feb 18 2019 01,0.385
Feb 19 2019 01,0.388
Feb 20 2019 01,0.384
Feb 21 2019 01,0.396
Feb 22 2019 01,0.405
Feb 23 2019 01,0.4
Feb 24 2019 01,0.404
Feb 25 2019 01,0.404
Feb 26 2019 01,0.402
Feb 27 2019 01,0.4
Feb 28 2019 01,0.405
Mar 01 2019 01,0.411
Mar 02 2019 01,0.381
Mar 03 2019 01,0.359
Mar 04 2019 01,0.346
Mar 05 2019 01,0.371
Mar 06 2019 01,0.357
Mar 07 2019 01,0.366
Mar 08 2019 01,0.367
Mar 09 2019 01,0.366
Mar 10 2019 01,0.358
Mar 11 2019 01,0.371
Mar 12 2019 01,0.371
Mar 13 2019 01,0.376
Mar 14 2019 01,0.374
Mar 15 2019 01,0.393
Mar 16 2019 01,0.395
Mar 17 2019 01,0.412
Mar 18 2019 01,0.42
Mar 19 2019 01,0.435
Mar 20 2019 01,0.418
Mar 21 2019 01,0.415
Mar 22 2019 01,0.419
Mar 23 2019 01,0.429
Mar 24 2019 01,0.411
Mar 25 2019 01,0.424
Mar 26 2019 01,0.428
Mar 27 2019 01,0.428
Mar 28 2019 01,0.41
Mar 29 2019 01,0.412
Mar 30 2019 01,0.409
Mar 31 2019 01,0.41
Apr 01 2019 01,0.416
Apr 02 2019 01,0.418
Apr 03 2019 01,0.414
Apr 04 2019 01,0.41
Apr 05 2019 01,0.413
Apr 06 2019 01,0.414
Apr 07 2019 01,0.41
Apr 08 2019 01,0.408
Apr 09 2019 01,0.415
Apr 10 2019 01,0.426
Apr 11 2019 01,0.434
Apr 12 2019 01,0.448
Apr 13 2019 01,0.445
Apr 14 2019 01,0.442
Apr 15 2019 01,0.441
Apr 16 2019 01,0.45
Apr 17 2019 01,0.438
Apr 18 2019 01,0.447
Apr 19 2019 01,0.45
Apr 20 2019 01,0.471
Apr 21 2019 01,0.469
Apr 22 2019 01,0.477
Apr 23 2019 01,0.47
Apr 24 2019 01,0.482
Apr 25 2019 01,0.458
Apr 26 2019 01,0.453
Apr 27 2019 01,0.474
Apr 28 2019 01,0.476
Apr 29 2019 01,0.453
Apr 30 2019 01,0.46
May 01 2019 01,0.462
May 02 2019 01,0.453
May 03 2019 01,0.457
May 04 2019 01,0.46
May 05 2019 01,0.46
May 06 2019 01,0.456
May 07 2019 01,0.461
May 08 2019 01,0.456
May 09 2019 01,0.451
May 10 2019 01,0.451
May 11 2019 01,0.462
May 12 2019 01,0.461
May 13 2019 01,0.472
May 14 2019 01,0.484
May 15 2019 01,0.488
May 16 2019 01,0.489
May 17 2019 01,0.485
May 18 2019 01,0.478
May 19 2019 01,0.497
May 20 2019 01,0.488
May 21 2019 01,0.507
May 22 2019 01,0.493
May 23 2019 01,0.514
May 24 2019 01,0.504
May 25 2019 01,0.523
May 26 2019 01,0.531
May 27 2019 01,0.544
May 28 2019 01,0.563
May 29 2019 01,0.577
May 30 2019 01,0.588
May 31 2019 01,0.583
Jun 01 2019 01,0.587
Jun 02 2019 01,0.592
Jun 03 2019 01,0.593
Jun 04 2019 01,0.623
Jun 05 2019 01,0.635
Jun 06 2019 01,0.647
Jun 07 2019 01,0.672
Jun 08 2019 01,0.686
Jun 09 2019 01,0.7
Jun 10 2019 01,0.696
Jun 11 2019 01,0.665
Jun 12 2019 01,0.66
Jun 13 2019 01,0.664
Jun 14 2019 01,0.678
Jun 15 2019 01,0.696
Jun 16 2019 01,0.686
Jun 17 2019 01,0.657
Jun 18 2019 01,0.665
Jun 19 2019 01,0.654
Jun 20 2019 01,0.668
Jun 21 2019 01,0.661
Jun 22 2019 01,0.612
Jun 23 2019 01,0.605
Jun 24 2019 01,0.603
Jun 25 2019 01,0.61
Jun 26 2019 01,0.587
Jun 27 2019 01,0.589
Jun 28 2019 01,0.577
Jun 29 2019 01,0.549
Jun 30 2019 01,0.557
Jul 01 2019 01,0.562
Jul 02 2019 01,0.573
Jul 03 2019 01,0.577
Jul 04 2019 01,0.582
Jul 05 2019 01,0.592
Jul 06 2019 01,0.591
Jul 07 2019 01,0.597
Jul 08 2019 01,0.586
Jul 09 2019 01,0.584
Jul 10 2019 01,0.606
Jul 11 2019 01,0.602
Jul 12 2019 01,0.613
Jul 13 2019 01,0.595
Jul 14 2019 01,0.597
Jul 15 2019 01,0.601
Jul 16 2019 01,0.614
Jul 17 2019 01,0.608
Jul 18 2019 01,0.615
Jul 19 2019 01,0.637
Jul 20 2019 01,0.636
Jul 21 2019 01,0.624
Jul 22 2019 01,0.62
Jul 23 2019 01,0.612
Jul 24 2019 01,0.612
Jul 25 2019 01,0.635
Jul 26 2019 01,0.643
Jul 27 2019 01,0.662
Jul 28 2019 01,0.681
Jul 29 2019 01,0.646
Jul 30 2019 01,0.628
Jul 31 2019 01,0.65
Aug 01 2019 01,0.642
Aug 02 2019 01,0.668
Aug 03 2019 01,0.69
Aug 04 2019 01,1
Aug 05 2019 01,0.994
Aug 06 2019 01,1.071
Aug 07 2019 01,1.199
Aug 08 2019 01,1.09
Aug 09 2019 01,0.987
Aug 10 2019 01,0.958
Aug 11 2019 01,0.924
Aug 12 2019 01,0.875
Aug 13 2019 01,0.832
Aug 14 2019 01,0.832
Aug 15 2019 01,0.771
Aug 16 2019 01,0.782
Aug 17 2019 01,0.773
Aug 18 2019 01,0.758
Aug 19 2019 01,0.741
Aug 20 2019 01,0.699
Aug 21 2019 01,0.703
Aug 22 2019 01,0.731
Aug 23 2019 01,0.702
Aug 24 2019 01,0.73
Aug 25 2019 01,0.677
Aug 26 2019 01,0.669
Aug 27 2019 01,0.652
Aug 28 2019 01,0.692
Aug 29 2019 01,0.668
Aug 30 2019 01,0.688
Aug 31 2019 01,0.681
Sep 01 2019 01,0.684
Sep 02 2019 01,0.671
Sep 03 2019 01,0.679
Sep 04 2019 01,0.681
Sep 05 2019 01,0.716
Sep 06 2019 01,0.753
Sep 07 2019 01,0.711
Sep 08 2019 01,0.64
Sep 09 2019 01,0.626
Sep 10 2019 01,0.615
Sep 11 2019 01,0.606
Sep 12 2019 01,0.6
Sep 13 2019 01,0.608
Sep 14 2019 01,0.629
Sep 15 2019 01,0.637
Sep 16 2019 01,0.604
Sep 17 2019 01,0.597
Sep 18 2019 01,0.598
Sep 19 2019 01,0.615
Sep 20 2019 01,0.607
Sep 21 2019 01,0.608
Sep 22 2019 01,0.609
Sep 23 2019 01,0.609
Sep 24 2019 01,0.597
Sep 25 2019 01,0.6
Sep 26 2019 01,0.59
Sep 27 2019 01,0.604
Sep 28 2019 01,0.622
Sep 29 2019 01,0.626
Sep 30 2019 01,0.61
Oct 01 2019 01,0.64
Oct 02 2019 01,0.666
Oct 03 2019 01,0.677
Oct 04 2019 01,0.69
Oct 05 2019 01,0.696
Oct 06 2019 01,0.678
Oct 07 2019 01,0.721
Oct 08 2019 01,0.73
Oct 09 2019 01,0.729
Oct 10 2019 01,0.716
Oct 11 2019 01,0.754
Oct 12 2019 01,0.776
Oct 13 2019 01,0.766
Oct 14 2019 01,0.724
Oct 15 2019 01,0.748
Oct 16 2019 01,0.732
Oct 17 2019 01,0.749
Oct 18 2019 01,0.887
Oct 19 2019 01,0.766
Oct 20 2019 01,0.738
Oct 21 2019 01,0.718
Oct 22 2019 01,0.707
Oct 23 2019 01,0.68
Oct 24 2019 01,0.701
Oct 25 2019 01,0.681
Oct 26 2019 01,0.696
Oct 27 2019 01,0.692
Oct 28 2019 01,0.675
Oct 29 2019 01,0.664
Oct 30 2019 01,0.662
Oct 31 2019 01,0.645
Nov 01 2019 01,0.669
Nov 02 2019 01,0.664
Nov 03 2019 01,0.664
Nov 04 2019 01,0.664
Nov 05 2019 01,0.682
Nov 06 2019 01,0.647
Nov 07 2019 01,0.667
Nov 08 2019 01,0.638
Nov 09 2019 01,0.644
Nov 10 2019 01,0.637
Nov 11 2019 01,0.642
Nov 12 2019 01,0.629
Nov 13 2019 01,0.626
Nov 14 2019 01,0.623
Nov 15 2019 01,0.617
Nov 16 2019 01,0.627
Nov 17 2019 01,0.645
Nov 18 2019 01,0.632
Nov 19 2019 01,0.534
Nov 20 2019 01,0.543
Nov 21 2019 01,0.55
Nov 22 2019 01,0.538
Nov 23 2019 01,0.537
Nov 24 2019 01,0.532
Nov 25 2019 01,0.484
Nov 26 2019 01,0.498
Nov 27 2019 01,0.477
Nov 28 2019 01,0.465
Nov 29 2019 01,0.468
Nov 30 2019 01,0.455
Dec 01 2019 01,0.455
Dec 02 2019 01,0.453
Dec 03 2019 01,0.458
Dec 04 2019 01,0.462
Dec 05 2019 01,0.464
Dec 06 2019 01,0.468
Dec 07 2019 01,0.478
Dec 08 2019 01,0.483
Dec 09 2019 01,0.489
Dec 10 2019 01,0.476
Dec 11 2019 01,0.488
Dec 12 2019 01,0.486
Dec 13 2019 01,0.474
Dec 14 2019 01,0.486
Dec 15 2019 01,0.49
Dec 16 2019 01,0.492
Dec 17 2019 01,0.491
Dec 18 2019 01,0.493
Dec 19 2019 01,0.481
Dec 20 2019 01,0.464
Dec 21 2019 01,0.48
Dec 22 2019 01,0.486
Dec 23 2019 01,0.485
Dec 24 2019 01,0.483
Dec 25 2019 01,0.493
Dec 26 2019 01,0.497
Dec 27 2019 01,0.503
Dec 28 2019 01,0.515
Dec 29 2019 01,0.494
Dec 30 2019 01,0.506
Dec 31 2019 01,0.515
Jan 01 2020 01,0.523
Jan 02 2020 01,0.524
Jan 03 2020 01,0.527
Jan 04 2020 01,0.512
Jan 05 2020 01,0.528
Jan 06 2020 01,0.521
Jan 07 2020 01,0.523
Jan 08 2020 01,0.534
Jan 09 2020 01,0.535
Jan 10 2020 01,0.537
Jan 11 2020 01,0.547
Jan 12 2020 01,0.545
Jan 13 2020 01,0.538
Jan 14 2020 01,0.548
Jan 15 2020 01,0.559
Jan 16 2020 01,0.547
Jan 17 2020 01,0.578
Jan 18 2020 01,0.582
Jan 19 2020 01,0.582
Jan 20 2020 01,0.59
Jan 21 2020 01,0.567
Jan 22 2020 01,0.569
Jan 23 2020 01,0.582
Jan 24 2020 01,0.57
Jan 25 2020 01,0.572
Jan 26 2020 01,0.568
Jan 27 2020 01,0.563
Jan 28 2020 01,0.556
Jan 29 2020 01,0.547
Jan 30 2020 01,0.568
Jan 31 2020 01,0.566
Feb 01 2020 01,0.564
Feb 02 2020 01,0.586
Feb 03 2020 01,0.577
Feb 04 2020 01,0.586
Feb 05 2020 01,0.595
Feb 06 2020 01,0.598
Feb 07 2020 01,0.604
Feb 08 2020 01,0.626
Feb 09 2020 01,0.599
Feb 10 2020 01,0.599
Feb 11 2020 01,0.629
Feb 12 2020 01,0.636
Feb 13 2020 01,0.625
Feb 14 2020 01,0.646
Feb 15 2020 01,0.628
Feb 16 2020 01,0.612
Feb 17 2020 01,0.622
Feb 18 2020 01,0.63
Feb 19 2020 01,0.6
Feb 20 2020 01,0.609
Feb 21 2020 01,0.616
Feb 22 2020 01,0.606
Feb 23 2020 01,0.608
Feb 24 2020 01,0.601
Feb 25 2020 01,0.545
Feb 26 2020 01,0.552
Feb 27 2020 01,0.581
Feb 28 2020 01,0.575
Feb 29 2020 01,0.584
Mar 01 2020 01,0.589
Mar 02 2020 01,0.589
Mar 03 2020 01,0.583
Mar 04 2020 01,0.575
Mar 05 2020 01,0.562
Mar 06 2020 01,0.581
Mar 07 2020 01,0.596
Mar 08 2020 01,0.568
Mar 09 2020 01,0.56
Mar 10 2020 01,0.586
Mar 11 2020 01,0.588
Mar 12 2020 01,0.577
Mar 13 2020 01,0.559
Mar 14 2020 01,0.552
Mar 15 2020 01,0.56
Mar 16 2020 01,0.547
Mar 17 2020 01,0.54
Mar 18 2020 01,0.541
Mar 19 2020 01,0.542
Mar 20 2020 01,0.54
Mar 21 2020 01,0.525
Mar 22 2020 01,0.526
Mar 23 2020 01,0.527
Mar 24 2020 01,0.532
Mar 25 2020 01,0.522
Mar 26 2020 01,0.524
Mar 27 2020 01,0.532
Mar 28 2020 01,0.533
Mar 29 2020 01,0.535
Mar 30 2020 01,0.531
Mar 31 2020 01,0.538
Apr 01 2020 01,0.521
Apr 02 2020 01,0.52
Apr 03 2020 01,0.535
Apr 04 2020 01,0.521
Apr 05 2020 01,0.52
Apr 06 2020 01,0.519
Apr 07 2020 01,0.508
Apr 08 2020 01,0.516
Apr 09 2020 01,0.527
Apr 10 2020 01,0.534
Apr 11 2020 01,0.53
Apr 12 2020 01,0.538
Apr 13 2020 01,0.542
Apr 14 2020 01,0.542
Apr 15 2020 01,0.557
Apr 16 2020 01,0.554
Apr 17 2020 01,0.574
Apr 18 2020 01,0.583
Apr 19 2020 01,0.595
Apr 20 2020 01,0.603
Apr 21 2020 01,0.599
Apr 22 2020 01,0.614
Apr 23 2020 01,0.628
Apr 24 2020 01,0.631
Apr 25 2020 01,0.612
Apr 26 2020 01,0.602
Apr 27 2020 01,0.6
Apr 28 2020 01,0.58
Apr 29 2020 01,0.568
Apr 30 2020 01,0.581
May 01 2020 01,0.57
May 02 2020 01,0.568
May 03 2020 01,0.562
May 04 2020 01,0.566
May 05 2020 01,0.584
May 06 2020 01,0.587
May 07 2020 01,0.586
May 08 2020 01,0.602
May 09 2020 01,0.609
May 10 2020 01,0.595
May 11 2020 01,0.605
May 12 2020 01,0.606
May 13 2020 01,0.6
May 14 2020 01,0.602
May 15 2020 01,0.59
May 16 2020 01,0.608
May 17 2020 01,0.613
May 18 2020 01,0.601
May 19 2020 01,0.603
May 20 2020 01,0.594
May 21 2020 01,0.612
May 22 2020 01,0.595
May 23 2020 01,0.609
May 24 2020 01,0.608
May 25 2020 01,0.602
May 26 2020 01,0.579
May 27 2020 01,0.581
May 28 2020 01,0.582
May 29 2020 01,0.599
May 30 2020 01,0.61
May 31 2020 01,0.617
Jun 01 2020 01,0.62
Jun 02 2020 01,0.666
Jun 03 2020 01,0.703
Jun 04 2020 01,0.727
Jun 05 2020 01,0.906
Jun 06 2020 01,0.934
Jun 07 2020 01,0.829
Jun 08 2020 01,0.81
Jun 09 2020 01,0.78
Jun 10 2020 01,0.765
Jun 11 2020 01,0.772
Jun 12 2020 01,0.773
Jun 13 2020 01,0.754
Jun 14 2020 01,0.744
Jun 15 2020 01,0.75
Jun 16 2020 01,0.733
Jun 17 2020 01,0.727
Jun 18 2020 01,0.71
Jun 19 2020 01,0.689
Jun 20 2020 01,0.708
Jun 21 2020 01,0.701
Jun 22 2020 01,0.707
Jun 23 2020 01,0.711
Jun 24 2020 01,0.702
Jun 25 2020 01,0.692
Jun 26 2020 01,0.683
Jun 27 2020 01,0.67
Jun 28 2020 01,0.675
Jun 29 2020 01,0.685
Jun 30 2020 01,0.668
Jul 01 2020 01,0.686
Jul 02 2020 01,0.702
Jul 03 2020 01,0.7
Jul 04 2020 01,0.695
Jul 05 2020 01,0.701
Jul 06 2020 01,0.708
Jul 07 2020 01,0.75
Jul 08 2020 01,0.775
Jul 09 2020 01,0.781
Jul 10 2020 01,0.85
Jul 11 2020 01,0.89
Jul 12 2020 01,0.88
Jul 13 2020 01,0.869
Jul 14 2020 01,0.87
Jul 15 2020 01,0.881
Jul 16 2020 01,0.902
Jul 17 2020 01,0.95
Jul 18 2020 01,0.962
Jul 19 2020 01,0.905
Jul 20 2020 01,0.974
Jul 21 2020 01,1.019
Jul 22 2020 01,0.976
Jul 23 2020 01,0.966
Jul 24 2020 01,0.963
Jul 25 2020 01,0.968
Jul 26 2020 01,0.969
Jul 27 2020 01,0.964
Jul 28 2020 01,0.968
Jul 29 2020 01,1.028
Jul 30 2020 01,0.994
Jul 31 2020 01,0.998
Aug 01 2020 01,1.014
Aug 02 2020 01,1.009
Aug 03 2020 01,0.994
Aug 04 2020 01,0.996
Aug 05 2020 01,0.966
Aug 06 2020 01,0.949
Aug 07 2020 01,0.937
Aug 08 2020 01,0.907
Aug 09 2020 01,0.891
Aug 10 2020 01,0.896
Aug 11 2020 01,0.896
Aug 12 2020 01,0.892
Aug 13 2020 01,0.886
Aug 14 2020 01,0.869
Aug 15 2020 01,0.879
Aug 16 2020 01,0.874
Aug 17 2020 01,0.866
Aug 18 2020 01,0.849
Aug 19 2020 01,0.821
Aug 20 2020 01,0.798
Aug 21 2020 01,0.803
Aug 22 2020 01,0.792
Aug 23 2020 01,0.779
Aug 24 2020 01,0.789
Aug 25 2020 01,0.785
Aug 26 2020 01,0.784
Aug 27 2020 01,0.78
Aug 28 2020 01,0.787
Aug 29 2020 01,0.776
Aug 30 2020 01,0.782
Aug 31 2020 01,0.761
Sep 01 2020 01,0.754
Sep 02 2020 01,0.749
Sep 03 2020 01,0.757
Sep 04 2020 01,0.769
Sep 05 2020 01,0.755
Sep 06 2020 01,0.771
Sep 07 2020 01,0.747
Sep 08 2020 01,0.757
Sep 09 2020 01,0.739
Sep 10 2020 01,0.759
Sep 11 2020 01,0.768
Sep 12 2020 01,0.775
Sep 13 2020 01,0.762
Sep 14 2020 01,0.765
Sep 15 2020 01,0.772
Sep 16 2020 01,0.774
Sep 17 2020 01,0.761
Sep 18 2020 01,0.76
Sep 19 2020 01,0.767
Sep 20 2020 01,0.767
Sep 21 2020 01,0.774
Sep 22 2020 01,0.779
Sep 23 2020 01,0.785
Sep 24 2020 01,0.774
Sep 25 2020 01,0.775
Sep 26 2020 01,0.773
Sep 27 2020 01,0.757
Sep 28 2020 01,0.766
Sep 29 2020 01,0.782
Sep 30 2020 01,0.769
Oct 01 2020 01,0.783
Oct 02 2020 01,0.793
Oct 03 2020 01,0.782
Oct 04 2020 01,0.779
Oct 05 2020 01,0.772
Oct 06 2020 01,0.784
Oct 07 2020 01,0.788
Oct 08 2020 01,0.769
Oct 09 2020 01,0.762
Oct 10 2020 01,0.79
Oct 11 2020 01,0.777
Oct 12 2020 01,0.785
Oct 13 2020 01,0.778
Oct 14 2020 01,0.781
Oct 15 2020 01,0.783
Oct 16 2020 01,0.795
Oct 17 2020 01,0.788
Oct 18 2020 01,0.781
Oct 19 2020 01,0.776
Oct 20 2020 01,0.783
Oct 21 2020 01,0.781
Oct 22 2020 01,0.79
Oct 23 2020 01,0.786
Oct 24 2020 01,0.783
Oct 25 2020 01,0.782
Oct 26 2020 01,0.789
Oct 27 2020 01,0.795
Oct 28 2020 01,0.787
Oct 29 2020 01,0.78
Oct 30 2020 01,0.781
Oct 31 2020 01,0.781
Nov 01 2020 01,0.782
Nov 02 2020 01,0.778
Nov 03 2020 01,0.779
Nov 04 2020 01,0.772
Nov 05 2020 01,0.774
Nov 06 2020 01,0.763
Nov 07 2020 01,0.753
Nov 08 2020 01,0.769
Nov 09 2020 01,0.774
Nov 10 2020 01,0.763
Nov 11 2020 01,0.751
Nov 12 2020 01,0.774
Nov 13 2020 01,0.769
Nov 14 2020 01,0.774
Nov 15 2020 01,0.76
Nov 16 2020 01,0.751
Nov 17 2020 01,0.75
Nov 18 2020 01,0.757
Nov 19 2020 01,0.776
Nov 20 2020 01,0.743
Nov 21 2020 01,0.732
Nov 22 2020 01,0.74
Nov 23 2020 01,0.744
Nov 24 2020 01,0.745
Nov 25 2020 01,0.735
Nov 26 2020 01,0.714
Nov 27 2020 01,0.69
Nov 28 2020 01,0.685
Nov 29 2020 01,0.666
Nov 30 2020 01,0.658
Dec 01 2020 01,0.655
Dec 02 2020 01,0.697
Dec 03 2020 01,0.71
Dec 04 2020 01,0.592
Dec 05 2020 01,0.591
Dec 06 2020 01,0.594
Dec 07 2020 01,0.595
Dec 08 2020 01,0.604
Dec 09 2020 01,0.592
Dec 10 2020 01,0.59
Dec 11 2020 01,0.565
Dec 12 2020 01,0.568
Dec 13 2020 01,0.584
Dec 14 2020 01,0.592
Dec 15 2020 01,0.591
Dec 16 2020 01,0.583
Dec 17 2020 01,0.59
Dec 18 2020 01,0.608
Dec 19 2020 01,0.604
Dec 20 2020 01,0.595
Dec 21 2020 01,0.59
Dec 22 2020 01,0.597
Dec 23 2020 01,0.583
Dec 24 2020 01,0.59
Dec 25 2020 01,0.596
Dec 26 2020 01,0.59
Dec 27 2020 01,0.608
Dec 28 2020 01,0.623
Dec 29 2020 01,0.623
Dec 30 2020 01,0.639
Dec 31 2020 01,0.653
Jan 01 2021 01,0.662
Jan 02 2021 01,0.664
Jan 03 2021 01,0.667
Jan 04 2021 01,0.661
Jan 05 2021 01,0.661
Jan 06 2021 01,0.66
Jan 07 2021 01,0.665
Jan 08 2021 01,0.658
Jan 09 2021 01,0.688
Jan 10 2021 01,0.676
Jan 11 2021 01,0.691
Jan 12 2021 01,0.687
Jan 13 2021 01,0.719
Jan 14 2021 01,0.7
Jan 15 2021 01,0.69
Jan 16 2021 01,0.698
Jan 17 2021 01,0.705
Jan 18 2021 01,0.689
Jan 19 2021 01,0.698
Jan 20 2021 01,0.711
Jan 21 2021 01,0.699
Jan 22 2021 01,0.676
Jan 23 2021 01,0.682
Jan 24 2021 01,0.659
Jan 25 2021 01,0.674
Jan 26 2021 01,0.676
Jan 27 2021 01,0.762
Jan 28 2021 01,0.639
Jan 29 2021 01,0.635
Jan 30 2021 01,0.648
Jan 31 2021 01,0.676
Feb 01 2021 01,0.68
Feb 02 2021 01,0.662
Feb 03 2021 01,0.656
Feb 04 2021 01,0.668
Feb 05 2021 01,0.659
Feb 06 2021 01,0.652
Feb 07 2021 01,0.642
Feb 08 2021 01,0.632
Feb 09 2021 01,0.641
Feb 10 2021 01,0.638
Feb 11 2021 01,0.618
Feb 12 2021 01,0.611
Feb 13 2021 01,0.58
Feb 14 2021 01,0.58
Feb 15 2021 01,0.578
Feb 16 2021 01,0.579
Feb 17 2021 01,0.585
Feb 18 2021 01,0.597
Feb 19 2021 01,0.599
Feb 20 2021 01,0.626
Feb 21 2021 01,0.641
Feb 22 2021 01,0.643
Feb 23 2021 01,0.649
Feb 24 2021 01,0.668
Feb 25 2021 01,0.669
Feb 26 2021 01,0.671
Feb 27 2021 01,0.665
Feb 28 2021 01,0.663
Mar 01 2021 01,0.66
Mar 02 2021 01,0.677
Mar 03 2021 01,0.68
Mar 04 2021 01,0.689
Mar 05 2021 01,0.704
Mar 06 2021 01,0.717
Mar 07 2021 01,0.741
Mar 08 2021 01,0.755
Mar 09 2021 01,0.726
Mar 10 2021 01,0.749
Mar 11 2021 01,0.702
Mar 12 2021 01,0.712
Mar 13 2021 01,0.693
Mar 14 2021 01,0.696
Mar 15 2021 01,0.7
Mar 16 2021 01,0.691
Mar 17 2021 01,0.693
Mar 18 2021 01,0.707
Mar 19 2021 01,0.709
Mar 20 2021 01,0.711
Mar 21 2021 01,0.706
Mar 22 2021 01,0.719
Mar 23 2021 01,0.704
Mar 24 2021 01,0.714
Mar 25 2021 01,0.723
Mar 26 2021 01,0.74
Mar 27 2021 01,0.733
Mar 28 2021 01,0.735
Mar 29 2021 01,0.745
Mar 30 2021 01,0.742
Mar 31 2021 01,0.735
Apr 01 2021 01,0.731
Apr 02 2021 01,0.729
Apr 03 2021 01,0.724
Apr 04 2021 01,0.733
Apr 05 2021 01,0.738
Apr 06 2021 01,0.724
Apr 07 2021 01,0.659
Apr 08 2021 01,0.59
Apr 09 2021 01,0.583
Apr 10 2021 01,0.571
Apr 11 2021 01,0.554
Apr 12 2021 01,0.55
Apr 13 2021 01,0.552
Apr 14 2021 01,0.576
Apr 15 2021 01,0.546
Apr 16 2021 01,0.541
Apr 17 2021 01,0.548
Apr 18 2021 01,0.548
Apr 19 2021 01,0.556
Apr 20 2021 01,0.57
Apr 21 2021 01,0.564
Apr 22 2021 01,0.568
Apr 23 2021 01,0.576
Apr 24 2021 01,0.576
Apr 25 2021 01,0.562
Apr 26 2021 01,0.582
Apr 27 2021 01,0.583
Apr 28 2021 01,0.569
Apr 29 2021 01,0.576
Apr 30 2021 01,0.56
May 01 2021 01,0.546
May 02 2021 01,0.573
May 03 2021 01,0.569
May 04 2021 01,0.568
May 05 2021 01,0.577
May 06 2021 01,0.588
May 07 2021 01,0.596
May 08 2021 01,0.607
May 09 2021 01,0.609
May 10 2021 01,0.608
May 11 2021 01,0.605
May 12 2021 01,0.581
May 13 2021 01,0.594
May 14 2021 01,0.614
May 15 2021 01,0.67
May 16 2021 01,0.678
May 17 2021 01,0.672
May 18 2021 01,0.68
May 19 2021 01,0.696
May 20 2021 01,0.661
May 21 2021 01,0.69
May 22 2021 01,0.687
May 23 2021 01,0.688
May 24 2021 01,0.671
May 25 2021 01,0.667
May 26 2021 01,0.736
May 27 2021 01,0.719
May 28 2021 01,0.723
May 29 2021 01,0.712
May 30 2021 01,0.717
May 31 2021 01,0.703
Jun 01 2021 01,0.694
Jun 02 2021 01,0.708
Jun 03 2021 01,0.751
Jun 04 2021 01,1.769
Jun 05 2021 01,1.727
Jun 06 2021 01,1.332
Jun 07 2021 01,1.135
Jun 08 2021 01,1.471
Jun 09 2021 01,1.505
Jun 10 2021 01,1.446
Jun 11 2021 01,1.359
Jun 12 2021 01,1.214
Jun 13 2021 01,1.09
Jun 14 2021 01,1.053
Jun 15 2021 01,0.967
Jun 16 2021 01,0.953
Jun 17 2021 01,0.938
Jun 18 2021 01,1.002
Jun 19 2021 01,1.042
Jun 20 2021 01,1.002
Jun 21 2021 01,0.99
Jun 22 2021 01,0.985
Jun 23 2021 01,0.888
Jun 24 2021 01,0.837
Jun 25 2021 01,0.838
Jun 26 2021 01,0.793
Jun 27 2021 01,0.79
Jun 28 2021 01,0.771
Jun 29 2021 01,0.765
Jun 30 2021 01,0.756
Jul 01 2021 01,0.768
Jul 02 2021 01,0.769
Jul 03 2021 01,0.804
Jul 04 2021 01,0.793
Jul 05 2021 01,0.78
Jul 06 2021 01,0.778
Jul 07 2021 01,0.757
Jul 08 2021 01,0.753
Jul 09 2021 01,0.747
Jul 10 2021 01,0.783
Jul 11 2021 01,0.785
Jul 12 2021 01,0.762
Jul 13 2021 01,0.728
Jul 14 2021 01,0.724
Jul 15 2021 01,0.723
Jul 16 2021 01,0.732
Jul 17 2021 01,0.757
Jul 18 2021 01,0.753
Jul 19 2021 01,0.73
Jul 20 2021 01,0.723
Jul 21 2021 01,0.719
Jul 22 2021 01,0.726
Jul 23 2021 01,0.715
Jul 24 2021 01,0.713
Jul 25 2021 01,0.718
Jul 26 2021 01,0.712
Jul 27 2021 01,0.782
Jul 28 2021 01,0.757
Jul 29 2021 01,0.735
Jul 30 2021 01,0.724
Jul 31 2021 01,0.733
Aug 01 2021 01,0.728
Aug 02 2021 01,0.72
Aug 03 2021 01,0.706
Aug 04 2021 01,0.747
Aug 05 2021 01,0.77
Aug 06 2021 01,0.75
Aug 07 2021 01,0.752
Aug 08 2021 01,0.74
Aug 09 2021 01,0.717
Aug 10 2021 01,0.753
Aug 11 2021 01,0.716
Aug 12 2021 01,0.739
Aug 13 2021 01,0.732
Aug 14 2021 01,0.725
Aug 15 2021 01,0.719
Aug 16 2021 01,0.689
Aug 17 2021 01,0.686
Aug 18 2021 01,0.644
Aug 19 2021 01,0.654
Aug 20 2021 01,0.672
Aug 21 2021 01,0.676
Aug 22 2021 01,0.671
Aug 23 2021 01,0.69
Aug 24 2021 01,0.678
Aug 25 2021 01,0.7
Aug 26 2021 01,0.67
Aug 27 2021 01,0.677
Aug 28 2021 01,0.706
Aug 29 2021 01,0.711
Aug 30 2021 01,0.68
Aug 31 2021 01,0.698
Sep 01 2021 01,0.691
Sep 02 2021 01,0.697
Sep 03 2021 01,0.714
Sep 04 2021 01,0.731
Sep 05 2021 01,0.751
Sep 06 2021 01,0.749
Sep 07 2021 01,0.73
Sep 08 2021 01,0.704
Sep 09 2021 01,0.712
Sep 10 2021 01,0.697
Sep 11 2021 01,0.703
Sep 12 2021 01,0.704
Sep 13 2021 01,0.697
Sep 14 2021 01,0.705
Sep 15 2021 01,0.711
Sep 16 2021 01,0.689
Sep 17 2021 01,0.681
Sep 18 2021 01,0.698
Sep 19 2021 01,0.698
Sep 20 2021 01,0.703
Sep 21 2021 01,0.705
Sep 22 2021 01,0.61
Sep 23 2021 01,0.547
Sep 24 2021 01,0.548
Sep 25 2021 01,0.556
Sep 26 2021 01,0.548
Sep 27 2021 01,0.539
Sep 28 2021 01,0.547
Sep 29 2021 01,0.53
Sep 30 2021 01,0.534
Oct 01 2021 01,0.536
Oct 02 2021 01,0.545
Oct 03 2021 01,0.569
Oct 04 2021 01,0.563
Oct 05 2021 01,0.574
Oct 06 2021 01,0.562
Oct 07 2021 01,0.587
Oct 08 2021 01,0.59
Oct 09 2021 01,0.585
Oct 10 2021 01,0.552
Oct 11 2021 01,0.565
Oct 12 2021 01,0.559
Oct 13 2021 01,0.572
Oct 14 2021 01,0.554
Oct 15 2021 01,0.558
Oct 16 2021 01,0.584
Oct 17 2021 01,0.581
Oct 18 2021 01,0.578
Oct 19 2021 01,0.584
Oct 20 2021 01,0.6
Oct 21 2021 01,0.596
Oct 22 2021 01,0.513
Oct 23 2021 01,0.502
Oct 24 2021 01,0.522
Oct 25 2021 01,0.51
Oct 26 2021 01,0.52
Oct 27 2021 01,0.517
Oct 28 2021 01,0.515
Oct 29 2021 01,0.501
Oct 30 2021 01,0.493
Oct 31 2021 01,0.495
Nov 01 2021 01,0.501
Nov 02 2021 01,0.499
Nov 03 2021 01,0.487
Nov 04 2021 01,0.497
Nov 05 2021 01,0.507
Nov 06 2021 01,0.53
Nov 07 2021 01,0.515
Nov 08 2021 01,0.507
Nov 09 2021 01,0.537
Nov 10 2021 01,0.498
Nov 11 2021 01,0.517
Nov 12 2021 01,0.516
Nov 13 2021 01,0.495
Nov 14 2021 01,0.547
Nov 15 2021 01,0.525
Nov 16 2021 01,0.523
Nov 17 2021 01,0.52
Nov 18 2021 01,0.528
Nov 19 2021 01,0.52
Nov 20 2021 01,0.532
Nov 21 2021 01,0.532
Nov 22 2021 01,0.535
Nov 23 2021 01,0.516
Nov 24 2021 01,0.523
Nov 25 2021 01,0.501
Nov 26 2021 01,0.509
Nov 27 2021 01,0.505
Nov 28 2021 01,0.495
Nov 29 2021 01,0.497
Nov 30 2021 01,0.483
Dec 01 2021 01,0.449
Dec 02 2021 01,0.464
Dec 03 2021 01,0.49
Dec 04 2021 01,0.487
Dec 05 2021 01,0.5
Dec 06 2021 01,0.509
Dec 07 2021 01,0.503
Dec 08 2021 01,0.482
Dec 09 2021 01,0.499
Dec 10 2021 01,0.517
Dec 11 2021 01,0.53
Dec 12 2021 01,0.52
Dec 13 2021 01,0.514
Dec 14 2021 01,0.515
Dec 15 2021 01,0.507
Dec 16 2021 01,0.505
Dec 17 2021 01,0.486
Dec 18 2021 01,0.473
Dec 19 2021 01,0.484
Dec 20 2021 01,0.46
Dec 21 2021 01,0.475
Dec 22 2021 01,0.485
Dec 23 2021 01,0.468
Dec 24 2021 01,0.481
Dec 25 2021 01,0.5
Dec 26 2021 01,0.503
Dec 27 2021 01,0.502
Dec 28 2021 01,0.491
Dec 29 2021 01,0.491
Dec 30 2021 01,0.536
Dec 31 2021 01,0.547
Jan 01 2022 01,0.522
Jan 02 2022 01,0.556
Jan 03 2022 01,0.641
Jan 04 2022 01,0.643
Jan 05 2022 01,0.64
Jan 06 2022 01,0.639
Jan 07 2022 01,0.634
Jan 08 2022 01,0.64
Jan 09 2022 01,0.648
Jan 10 2022 01,0.682
Jan 11 2022 01,0.683
Jan 12 2022 01,0.686
Jan 13 2022 01,0.692
Jan 14 2022 01,0.711
Jan 15 2022 01,0.645
Jan 16 2022 01,0.657
Jan 17 2022 01,0.66
Jan 18 2022 01,0.684
Jan 19 2022 01,0.678
Jan 20 2022 01,0.711
Jan 21 2022 01,0.704
Jan 22 2022 01,0.704
Jan 23 2022 01,0.689
Jan 24 2022 01,0.684
Jan 25 2022 01,0.672
Jan 26 2022 01,0.667
Jan 27 2022 01,0.69
Jan 28 2022 01,0.649
Jan 29 2022 01,0.663
Jan 30 2022 01,0.609
Jan 31 2022 01,0.624
Feb 01 2022 01,0.64
Feb 02 2022 01,0.632
Feb 03 2022 01,0.635
Feb 04 2022 01,0.614
Feb 05 2022 01,0.62
Feb 06 2022 01,0.65
Feb 07 2022 01,0.641
Feb 08 2022 01,0.627
Feb 09 2022 01,0.655
Feb 10 2022 01,0.644
Feb 11 2022 01,0.658
Feb 12 2022 01,0.646
Feb 13 2022 01,0.652
Feb 14 2022 01,0.631
Feb 15 2022 01,0.634
Feb 16 2022 01,0.629
Feb 17 2022 01,0.64
Feb 18 2022 01,0.633
Feb 19 2022 01,0.641
Feb 20 2022 01,0.626
Feb 21 2022 01,0.649
Feb 22 2022 01,0.642
Feb 23 2022 01,0.632
Feb 24 2022 01,0.63
Feb 25 2022 01,0.644
Feb 26 2022 01,0.628
Feb 27 2022 01,0.637
Feb 28 2022 01,0.646
Mar 01 2022 01,0.639
Mar 02 2022 01,0.659
Mar 03 2022 01,0.656
Mar 04 2022 01,0.66
Mar 05 2022 01,0.639
Mar 06 2022 01,0.662
Mar 07 2022 01,0.663
Mar 08 2022 01,0.632
Mar 09 2022 01,0.638
Mar 10 2022 01,0.629
Mar 11 2022 01,0.64
Mar 12 2022 01,0.657
Mar 13 2022 01,0.648
Mar 14 2022 01,0.646
Mar 15 2022 01,0.646
Mar 16 2022 01,0.63
Mar 17 2022 01,0.636
Mar 18 2022 01,0.635
Mar 19 2022 01,0.665
Mar 20 2022 01,0.653
Mar 21 2022 01,0.652
Mar 22 2022 01,0.655
Mar 23 2022 01,0.673
Mar 24 2022 01,0.676
Mar 25 2022 01,0.672
Mar 26 2022 01,0.689
Mar 27 2022 01,0.684
Mar 28 2022 01,0.673
Mar 29 2022 01,0.674
Mar 30 2022 01,0.7
Mar 31 2022 01,0.712
Apr 01 2022 01,0.709
Apr 02 2022 01,0.756
Apr 03 2022 01,0.742
Apr 04 2022 01,0.738
Apr 05 2022 01,0.724
Apr 06 2022 01,0.716
Apr 07 2022 01,0.705
Apr 08 2022 01,0.71
Apr 09 2022 01,0.717
Apr 10 2022 01,0.706
Apr 11 2022 01,0.792
Apr 12 2022 01,0.796
Apr 13 2022 01,0.776
Apr 14 2022 01,0.763
Apr 15 2022 01,0.773
Apr 16 2022 01,0.75
Apr 17 2022 01,0.736
Apr 18 2022 01,0.755
Apr 19 2022 01,0.748
Apr 20 2022 01,0.726
Apr 21 2022 01,0.663
Apr 22 2022 01,0.681
Apr 23 2022 01,0.694
Apr 24 2022 01,0.709
Apr 25 2022 01,0.701
Apr 26 2022 01,0.71
Apr 27 2022 01,0.719
Apr 28 2022 01,0.73
Apr 29 2022 01,0.74
Apr 30 2022 01,0.777
May 01 2022 01,0.767
May 02 2022 01,0.764
May 03 2022 01,0.759
May 04 2022 01,0.709
May 05 2022 01,0.693
May 06 2022 01,0.696
May 07 2022 01,0.678
May 08 2022 01,0.697
May 09 2022 01,0.702
May 10 2022 01,0.693
May 11 2022 01,0.691
May 12 2022 01,0.689
May 13 2022 01,0.712
May 14 2022 01,0.698
May 15 2022 01,0.697
May 16 2022 01,0.683
May 17 2022 01,0.671
May 18 2022 01,0.664
May 19 2022 01,0.624
May 20 2022 01,0.61
May 21 2022 01,0.644
May 22 2022 01,0.655
May 23 2022 01,0.643
May 24 2022 01,0.649
May 25 2022 01,0.666
May 26 2022 01,0.668
May 27 2022 01,0.629
May 28 2022 01,0.639
May 29 2022 01,0.619
May 30 2022 01,0.629
May 31 2022 01,0.645
Jun 01 2022 01,0.653
Jun 02 2022 01,0.674
Jun 03 2022 01,0.602
Jun 04 2022 01,0.591
Jun 05 2022 01,0.598
Jun 06 2022 01,0.621
Jun 07 2022 01,0.605
Jun 08 2022 01,0.59
Jun 09 2022 01,0.6
Jun 10 2022 01,0.595
Jun 11 2022 01,0.597
Jun 12 2022 01,0.564
Jun 13 2022 01,0.578
Jun 14 2022 01,0.588
Jun 15 2022 01,0.585
Jun 16 2022 01,0.602
Jun 17 2022 01,0.579
Jun 18 2022 01,0.574
Jun 19 2022 01,0.572
Jun 20 2022 01,0.579
Jun 21 2022 01,0.571
Jun 22 2022 01,0.561
Jun 23 2022 01,0.562
Jun 24 2022 01,0.552
Jun 25 2022 01,0.545
Jun 26 2022 01,0.548
Jun 27 2022 01,0.541
Jun 28 2022 01,0.554
Jun 29 2022 01,0.558
Jun 30 2022 01,0.556
Jul 01 2022 01,0.555
Jul 02 2022 01,0.587
Jul 03 2022 01,0.573
Jul 04 2022 01,0.587
Jul 05 2022 01,0.584
Jul 06 2022 01,0.579
Jul 07 2022 01,0.58
Jul 08 2022 01,0.59
Jul 09 2022 01,0.582
Jul 10 2022 01,0.611
Jul 11 2022 01,0.601
Jul 12 2022 01,0.605
Jul 13 2022 01,0.619
Jul 14 2022 01,0.586
Jul 15 2022 01,0.597
Jul 16 2022 01,0.599
Jul 17 2022 01,0.601
Jul 18 2022 01,0.633
Jul 19 2022 01,0.619
Jul 20 2022 01,0.629
Jul 21 2022 01,0.62
Jul 22 2022 01,0.618
Jul 23 2022 01,0.657
Jul 24 2022 01,0.668
Jul 25 2022 01,0.648
Jul 26 2022 01,0.632
Jul 27 2022 01,0.626
Jul 28 2022 01,0.617
Jul 29 2022 01,0.62
Jul 30 2022 01,0.624
Jul 31 2022 01,0.625
Aug 01 2022 01,0.622
Aug 02 2022 01,0.634
Aug 03 2022 01,0.654
Aug 04 2022 01,0.645
Aug 05 2022 01,0.647
Aug 06 2022 01,0.649
Aug 07 2022 01,0.653
Aug 08 2022 01,0.661
Aug 09 2022 01,0.691
Aug 10 2022 01,0.683
Aug 11 2022 01,0.679
Aug 12 2022 01,0.68
Aug 13 2022 01,0.709
Aug 14 2022 01,0.72
Aug 15 2022 01,0.734
Aug 16 2022 01,0.738
Aug 17 2022 01,0.668
Aug 18 2022 01,0.677
Aug 19 2022 01,0.682
Aug 20 2022 01,0.699
Aug 21 2022 01,0.697
Aug 22 2022 01,0.669
Aug 23 2022 01,0.665
Aug 24 2022 01,0.658
Aug 25 2022 01,0.657
Aug 26 2022 01,0.637
Aug 27 2022 01,0.647
Aug 28 2022 01,0.646
Aug 29 2022 01,0.637
Aug 30 2022 01,0.629
Aug 31 2022 01,0.631
Sep 01 2022 01,0.641
Sep 02 2022 01,0.599
Sep 03 2022 01,0.628
Sep 04 2022 01,0.632
Sep 05 2022 01,0.618
Sep 06 2022 01,0.618
Sep 07 2022 01,0.594
Sep 08 2022 01,0.602
Sep 09 2022 01,0.596
Sep 10 2022 01,0.613
Sep 11 2022 01,0.633
Sep 12 2022 01,0.632
Sep 13 2022 01,0.654
Sep 14 2022 01,0.63
Sep 15 2022 01,0.64
Sep 16 2022 01,0.634
Sep 17 2022 01,0.623
Sep 18 2022 01,0.638
Sep 19 2022 01,0.61
Sep 20 2022 01,0.618
Sep 21 2022 01,0.601
Sep 22 2022 01,0.615
Sep 23 2022 01,0.622
Sep 24 2022 01,0.638
Sep 25 2022 01,0.617
Sep 26 2022 01,0.632
Sep 27 2022 01,0.633
Sep 28 2022 01,0.654
Sep 29 2022 01,0.617
Sep 30 2022 01,0.64
Oct 01 2022 01,0.63
Oct 02 2022 01,0.618
Oct 03 2022 01,0.628
Oct 04 2022 01,0.636
Oct 05 2022 01,0.633
Oct 06 2022 01,0.654
Oct 07 2022 01,0.639
Oct 08 2022 01,0.631
Oct 09 2022 01,0.643
Oct 10 2022 01,0.621
Oct 11 2022 01,0.64
Oct 12 2022 01,0.603
Oct 13 2022 01,0.624
Oct 14 2022 01,0.614
Oct 15 2022 01,0.665
Oct 16 2022 01,0.665
Oct 17 2022 01,0.666
Oct 18 2022 01,0.655
Oct 19 2022 01,0.672
Oct 20 2022 01,0.684
Oct 21 2022 01,0.656
Oct 22 2022 01,0.648
Oct 23 2022 01,0.681
Oct 24 2022 01,0.683
Oct 25 2022 01,0.688
Oct 26 2022 01,0.673
Oct 27 2022 01,0.673
Oct 28 2022 01,0.676
Oct 29 2022 01,0.667
Oct 30 2022 01,0.661
Oct 31 2022 01,0.64
Nov 01 2022 01,0.668
Nov 02 2022 01,0.69
Nov 03 2022 01,0.706
Nov 04 2022 01,0.697
Nov 05 2022 01,0.691
Nov 06 2022 01,0.724
Nov 07 2022 01,1.051
Nov 08 2022 01,0.926
Nov 09 2022 01,0.886
Nov 10 2022 01,0.849
Nov 11 2022 01,0.889
Nov 12 2022 01,0.88
Nov 13 2022 01,0.862
Nov 14 2022 01,0.83
Nov 15 2022 01,0.838
Nov 16 2022 01,0.8
Nov 17 2022 01,0.767
Nov 18 2022 01,0.733
Nov 19 2022 01,0.712
Nov 20 2022 01,0.717
Nov 21 2022 01,0.721
Nov 22 2022 01,0.706
Nov 23 2022 01,0.682
Nov 24 2022 01,0.713
Nov 25 2022 01,0.7
Nov 26 2022 01,0.688
Nov 27 2022 01,0.676
Nov 28 2022 01,0.661
Nov 29 2022 01,0.659
Nov 30 2022 01,0.666
Dec 01 2022 01,0.666
Dec 02 2022 01,0.709
Dec 03 2022 01,0.705
Dec 04 2022 01,0.725
Dec 05 2022 01,0.723
Dec 06 2022 01,0.723
Dec 07 2022 01,0.729
Dec 08 2022 01,0.744
Dec 09 2022 01,0.749
Dec 10 2022 01,0.712
Dec 11 2022 01,0.736
Dec 12 2022 01,0.702
Dec 13 2022 01,0.727
Dec 14 2022 01,0.69
Dec 15 2022 01,0.684
Dec 16 2022 01,0.67
Dec 17 2022 01,0.684
Dec 18 2022 01,0.66
Dec 19 2022 01,0.662
Dec 20 2022 01,0.661
Dec 21 2022 01,0.654
Dec 22 2022 01,0.669
Dec 23 2022 01,0.649
Dec 24 2022 01,0.643
Dec 25 2022 01,0.651
Dec 26 2022 01,0.642
Dec 27 2022 01,0.645
Dec 28 2022 01,0.641
Dec 29 2022 01,0.636
Dec 30 2022 01,0.629
Dec 31 2022 01,0.643
Jan 01 2023 01,0.642
Jan 02 2023 01,0.637
Jan 03 2023 01,0.622
Jan 04 2023 01,0.623
Jan 05 2023 01,0.643
Jan 06 2023 01,0.651
Jan 07 2023 01,0.631
Jan 08 2023 01,0.656
Jan 09 2023 01,0.646
Jan 10 2023 01,0.651
Jan 11 2023 01,0.641
Jan 12 2023 01,0.668
Jan 13 2023 01,0.671
Jan 14 2023 01,0.698
Jan 15 2023 01,0.702
Jan 16 2023 01,0.677
Jan 17 2023 01,0.696
Jan 18 2023 01,0.697
Jan 19 2023 01,0.709
Jan 20 2023 01,0.718
Jan 21 2023 01,0.712
Jan 22 2023 01,0.716
Jan 23 2023 01,0.716
Jan 24 2023 01,0.711
Jan 25 2023 01,0.736
Jan 26 2023 01,0.738
Jan 27 2023 01,0.745
Jan 28 2023 01,0.731
Jan 29 2023 01,0.731
Jan 30 2023 01,0.731
Jan 31 2023 01,0.741
Feb 01 2023 01,0.774
Feb 02 2023 01,0.75
Feb 03 2023 01,0.783
Feb 04 2023 01,0.727
Feb 05 2023 01,0.734
Feb 06 2023 01,0.713
Feb 07 2023 01,0.735
Feb 08 2023 01,0.727
Feb 09 2023 01,0.734
Feb 10 2023 01,0.719
Feb 11 2023 01,0.744
Feb 12 2023 01,0.753
Feb 13 2023 01,0.731
Feb 14 2023 01,0.724
Feb 15 2023 01,0.732
Feb 16 2023 01,0.758
Feb 17 2023 01,0.731
Feb 18 2023 01,0.75
Feb 19 2023 01,0.76
Feb 20 2023 01,0.746
Feb 21 2023 01,0.731
Feb 22 2023 01,0.771
Feb 23 2023 01,0.764
Feb 24 2023 01,0.786
Feb 25 2023 01,0.778
Feb 26 2023 01,0.762
Feb 27 2023 01,0.767
Feb 28 2023 01,0.783
Mar 01 2023 01,0.777
Mar 02 2023 01,0.805
Mar 03 2023 01,0.831
Mar 04 2023 01,0.831
Mar 05 2023 01,0.836
Mar 06 2023 01,0.839
Mar 07 2023 01,0.874
Mar 08 2023 01,0.873
Mar 09 2023 01,0.857
Mar 10 2023 01,0.862
Mar 11 2023 01,0.886
Mar 12 2023 01,0.878
Mar 13 2023 01,0.88
Mar 14 2023 01,0.857
Mar 15 2023 01,0.86
Mar 16 2023 01,0.845
Mar 17 2023 01,0.823
Mar 18 2023 01,0.858
Mar 19 2023 01,0.845
Mar 20 2023 01,0.836
Mar 21 2023 01,0.86
Mar 22 2023 01,0.887
Mar 23 2023 01,0.911
Mar 24 2023 01,0.941
Mar 25 2023 01,0.971
Mar 26 2023 01,0.974
Mar 27 2023 01,0.998
Mar 28 2023 01,1.027
Mar 29 2023 01,1.06
Mar 30 2023 01,1.052
Mar 31 2023 01,1.091
Apr 01 2023 01,1.112
Apr 02 2023 01,1.124
Apr 03 2023 01,1.067
Apr 04 2023 01,1.239
Apr 05 2023 01,1.221
Apr 06 2023 01,1.207
Apr 07 2023 01,1.121
Apr 08 2023 01,1.119
Apr 09 2023 01,1.131
Apr 10 2023 01,1.154
Apr 11 2023 01,1.182
Apr 12 2023 01,1.212
Apr 13 2023 01,1.313
Apr 14 2023 01,1.534
Apr 15 2023 01,1.733
Apr 16 2023 01,1.739
Apr 17 2023 01,2.002
Apr 18 2023 01,2.266
Apr 19 2023 01,2.927
Apr 20 2023 01,3.043
Apr 21 2023 01,2.528
Apr 22 2023 01,2.381
Apr 23 2023 01,2.404
Apr 24 2023 01,2.073
Apr 25 2023 01,1.819
Apr 26 2023 01,1.594
Apr 27 2023 01,1.597
Apr 28 2023 01,1.675
Apr 29 2023 01,1.644
Apr 30 2023 01,1.752
May 01 2023 01,1.615
May 02 2023 01,1.536
May 03 2023 01,1.567
May 04 2023 01,1.61
May 05 2023 01,1.388
May 06 2023 01,1.304
May 07 2023 01,1.302
May 08 2023 01,1.155
May 09 2023 01,1.117
May 10 2023 01,1.132
May 11 2023 01,1.141
May 12 2023 01,1.116
May 13 2023 01,1.122
May 14 2023 01,1.13
May 15 2023 01,1.059
May 16 2023 01,1.054
May 17 2023 01,1.073
May 18 2023 01,1.095
May 19 2023 01,1.055
May 20 2023 01,1.048
May 21 2023 01,1.057
May 22 2023 01,1.047
May 23 2023 01,1.019
May 24 2023 01,0.972
May 25 2023 01,0.973
May 26 2023 01,0.979
May 27 2023 01,0.98
May 28 2023 01,1.003
May 29 2023 01,1.019
May 30 2023 01,0.991
May 31 2023 01,0.969
Jun 01 2023 01,1.008
Jun 02 2023 01,0.995
Jun 03 2023 01,1.026
Jun 04 2023 01,1.019
Jun 05 2023 01,1.021
Jun 06 2023 01,1.007
Jun 07 2023 01,1.024
Jun 08 2023 01,1.032
Jun 09 2023 01,1.019
Jun 10 2023 01,1.019
Jun 11 2023 01,1.074
Jun 12 2023 01,1.161
Jun 13 2023 01,1.285
Jun 14 2023 01,1.321
Jun 15 2023 01,1.233
Jun 16 2023 01,1.252
Jun 17 2023 01,1.267
Jun 18 2023 01,1.228
Jun 19 2023 01,1.234
Jun 20 2023 01,1.195
Jun 21 2023 01,1.131
Jun 22 2023 01,1.062
Jun 23 2023 01,1.057
Jun 24 2023 01,1.097
Jun 25 2023 01,1.135
Jun 26 2023 01,1.059
Jun 27 2023 01,1.06
Jun 28 2023 01,1.006
Jun 29 2023 01,0.932
Jun 30 2023 01,0.921
Jul 01 2023 01,0.896
Jul 02 2023 01,0.895
Jul 03 2023 01,0.885
Jul 04 2023 01,0.882
Jul 05 2023 01,0.89
Jul 06 2023 01,0.886
Jul 07 2023 01,0.884
Jul 08 2023 01,0.909
Jul 09 2023 01,0.888
Jul 10 2023 01,0.92
Jul 11 2023 01,0.913
Jul 12 2023 01,0.902
Jul 13 2023 01,0.845
Jul 14 2023 01,0.898
Jul 15 2023 01,0.916
Jul 16 2023 01,0.955
Jul 17 2023 01,0.938
Jul 18 2023 01,0.928
Jul 19 2023 01,0.905
Jul 20 2023 01,0.917
Jul 21 2023 01,0.922
Jul 22 2023 01,0.93
Jul 23 2023 01,0.906
Jul 24 2023 01,0.907
Jul 25 2023 01,0.885
Jul 26 2023 01,0.891
Jul 27 2023 01,0.858
Jul 28 2023 01,0.855
Jul 29 2023 01,0.911
Jul 30 2023 01,0.904
Jul 31 2023 01,0.901
Aug 01 2023 01,0.911
Aug 02 2023 01,0.899
Aug 03 2023 01,0.933
Aug 04 2023 01,0.932
Aug 05 2023 01,0.938
Aug 06 2023 01,0.947
Aug 07 2023 01,0.942
Aug 08 2023 01,0.911
Aug 09 2023 01,0.885
Aug 10 2023 01,0.911
Aug 11 2023 01,0.964
Aug 12 2023 01,1.022
Aug 13 2023 01,1.019
Aug 14 2023 01,1.025
Aug 15 2023 01,1.044
Aug 16 2023 01,0.938
Aug 17 2023 01,0.935
Aug 18 2023 01,0.911
Aug 19 2023 01,0.932
Aug 20 2023 01,0.923
Aug 21 2023 01,0.925
Aug 22 2023 01,0.912
Aug 23 2023 01,0.932
Aug 24 2023 01,0.931
Aug 25 2023 01,0.905
Aug 26 2023 01,0.896
Aug 27 2023 01,0.891
Aug 28 2023 01,0.891
Aug 29 2023 01,0.907
Aug 30 2023 01,0.958
Aug 31 2023 01,1.072
Sep 01 2023 01,1.12
Sep 02 2023 01,1.173
Sep 03 2023 01,1.217
Sep 04 2023 01,1.202
Sep 05 2023 01,1.137
Sep 06 2023 01,1.091
Sep 07 2023 01,1.074
Sep 08 2023 01,0.987
Sep 09 2023 01,0.984
Sep 10 2023 01,1.01
Sep 11 2023 01,0.986
Sep 12 2023 01,1.001
Sep 13 2023 01,0.977
Sep 14 2023 01,0.973
Sep 15 2023 01,0.959
Sep 16 2023 01,0.967
Sep 17 2023 01,0.984
Sep 18 2023 01,0.996
Sep 19 2023 01,1.007
Sep 20 2023 01,0.991
Sep 21 2023 01,1.008
Sep 22 2023 01,1.007
Sep 23 2023 01,1.002
Sep 24 2023 01,0.993
Sep 25 2023 01,1.004
Sep 26 2023 01,0.99
Sep 27 2023 01,0.977
Sep 28 2023 01,0.94
Sep 29 2023 01,0.888
Sep 30 2023 01,0.869
Oct 01 2023 01,0.886
Oct 02 2023 01,0.893
Oct 03 2023 01,0.905
Oct 04 2023 01,0.899
Oct 05 2023 01,0.903
Oct 06 2023 01,0.903
Oct 07 2023 01,0.936
Oct 08 2023 01,0.967
Oct 09 2023 01,0.94
Oct 10 2023 01,0.943
Oct 11 2023 01,0.94
Oct 12 2023 01,0.929
Oct 13 2023 01,0.934
Oct 14 2023 01,0.936
Oct 15 2023 01,0.951
Oct 16 2023 01,0.965
Oct 17 2023 01,0.948
Oct 18 2023 01,0.95
Oct 19 2023 01,0.953
Oct 20 2023 01,0.948
Oct 21 2023 01,0.947
Oct 22 2023 01,0.942
Oct 23 2023 01,0.955
Oct 24 2023 01,0.943
Oct 25 2023 01,0.908
Oct 26 2023 01,0.92
Oct 27 2023 01,0.919
Oct 28 2023 01,0.897
Oct 29 2023 01,0.916
Oct 30 2023 01,0.926
Oct 31 2023 01,0.889
Nov 01 2023 01,0.859
Nov 02 2023 01,0.833
Nov 03 2023 01,0.86
Nov 04 2023 01,0.877
Nov 05 2023 01,0.855
Nov 06 2023 01,0.848
Nov 07 2023 01,0.862
Nov 08 2023 01,0.861
Nov 09 2023 01,0.863
Nov 10 2023 01,0.876
Nov 11 2023 01,0.921
Nov 12 2023 01,0.85
Nov 13 2023 01,0.85
Nov 14 2023 01,0.858
Nov 15 2023 01,0.842
Nov 16 2023 01,0.76
Nov 17 2023 01,0.745
Nov 18 2023 01,0.777
Nov 19 2023 01,0.69
Nov 20 2023 01,0.795
Nov 21 2023 01,0.78
Nov 22 2023 01,0.803
Nov 23 2023 01,0.729
Nov 24 2023 01,0.69
Nov 25 2023 01,0.74
Nov 26 2023 01,0.724
Nov 27 2023 01,0.673
Nov 28 2023 01,0.71
Nov 29 2023 01,0.69
Nov 30 2023 01,0.703
Dec 01 2023 01,0.71
Dec 02 2023 01,0.8
Dec 03 2023 01,0.85
Dec 04 2023 01,0.74
Dec 05 2023 01,0.768
Dec 06 2023 01,0.8
Dec 07 2023 01,0.74
Dec 08 2023 01,0.78
Dec 09 2023 01,0.78
Dec 10 2023 01,0.75
